date, value
1/3/2000,2.0075
1/4/2000,2.03
1/5/2000,2.03
1/6/2000,2.0375
1/7/2000,2.07
1/10/2000,2.085
1/11/2000,2.0725
1/12/2000,2.155
1/13/2000,2.2075
1/14/2000,2.19
1/18/2000,2.2
1/19/2000,2.2075
1/20/2000,2.2075
1/21/2000,2.2275
1/24/2000,2.2725
1/25/2000,2.275
1/26/2000,2.23
1/27/2000,2.2575
1/28/2000,2.235
1/31/2000,2.2
2/1/2000,2.22
2/2/2000,2.2075
2/3/2000,2.18
2/4/2000,2.1975
2/7/2000,2.215
2/8/2000,2.2125
2/9/2000,2.225
2/10/2000,2.255
2/11/2000,2.2175
2/14/2000,2.2225
2/15/2000,2.2225
2/16/2000,2.23
2/17/2000,2.2125
2/18/2000,2.205
2/22/2000,2.1925
2/23/2000,2.1525
2/24/2000,2.1795
2/25/2000,2.1655
2/28/2000,2.1725
2/29/2000,2.222
3/1/2000,2.23
3/2/2000,2.24
3/3/2000,2.255
3/6/2000,2.2875
3/7/2000,2.2525
3/8/2000,2.2625
3/9/2000,2.2725
3/10/2000,2.2675
3/13/2000,2.3075
3/14/2000,2.38
3/15/2000,2.36
3/16/2000,2.3525
3/17/2000,2.4075
3/20/2000,2.3575
3/21/2000,2.32
3/22/2000,2.345
3/23/2000,2.3025
3/24/2000,2.32
3/27/2000,2.325
3/28/2000,2.25
3/29/2000,2.27
3/30/2000,2.3325
3/31/2000,2.36
4/3/2000,2.3425
4/4/2000,2.32
4/5/2000,2.32
4/6/2000,2.27
4/7/2000,2.2925
4/10/2000,2.27
4/11/2000,2.2325
4/12/2000,2.255
4/13/2000,2.275
4/14/2000,2.2625
4/17/2000,2.24
4/18/2000,2.245
4/19/2000,2.2775
4/20/2000,2.2675
4/24/2000,2.28
4/25/2000,2.323
4/26/2000,2.311
4/27/2000,2.3065
4/28/2000,2.3035
5/1/2000,2.44
5/2/2000,2.4625
5/3/2000,2.5075
5/4/2000,2.5025
5/5/2000,2.4825
5/8/2000,2.41
5/9/2000,2.3875
5/10/2000,2.4425
5/11/2000,2.4475
5/12/2000,2.4575
5/15/2000,2.3875
5/16/2000,2.355
5/17/2000,2.355
5/18/2000,2.38
5/19/2000,2.4
5/22/2000,2.41
5/23/2000,2.3825
5/24/2000,2.35
5/25/2000,2.305
5/26/2000,2.335
5/30/2000,2.2425
5/31/2000,2.25
6/1/2000,2.255
6/2/2000,2.29
6/5/2000,2.2425
6/6/2000,2.2575
6/7/2000,2.1975
6/8/2000,2.19
6/9/2000,2.1925
6/12/2000,2.0825
6/13/2000,2.0775
6/14/2000,2.0325
6/15/2000,2.0575
6/16/2000,2.0725
6/19/2000,2.055
6/20/2000,2.0225
6/21/2000,2.035
6/22/2000,2.0275
6/23/2000,1.995
6/26/2000,1.9425
6/27/2000,1.9845
6/28/2000,1.9605
6/29/2000,2.0015
6/30/2000,1.941
7/3/2000,1.9075
7/5/2000,1.925
7/6/2000,1.885
7/7/2000,1.9075
7/10/2000,1.87
7/11/2000,1.85
7/12/2000,1.8575
7/13/2000,1.86
7/14/2000,1.825
7/17/2000,1.7925
7/18/2000,1.8075
7/19/2000,1.8175
7/20/2000,1.86
7/21/2000,1.8775
7/24/2000,1.845
7/25/2000,1.8275
7/26/2000,1.805
7/27/2000,1.81
7/28/2000,1.8025
7/31/2000,1.8025
8/1/2000,1.7975
8/2/2000,1.805
8/3/2000,1.8
8/4/2000,1.7875
8/7/2000,1.7775
8/8/2000,1.795
8/9/2000,1.7825
8/10/2000,1.7725
8/11/2000,1.7475
8/14/2000,1.7575
8/15/2000,1.7575
8/16/2000,1.785
8/17/2000,1.785
8/18/2000,1.7725
8/21/2000,1.7625
8/22/2000,1.755
8/23/2000,1.7525
8/24/2000,1.76
8/25/2000,1.765
8/28/2000,1.8195
8/29/2000,1.8915
8/30/2000,1.8885
8/31/2000,1.9395
9/1/2000,1.9425
9/5/2000,1.98
9/6/2000,1.9375
9/7/2000,1.9325
9/8/2000,1.955
9/11/2000,1.96
9/12/2000,1.94
9/13/2000,1.915
9/14/2000,1.8975
9/15/2000,1.8775
9/18/2000,1.895
9/19/2000,1.8725
9/20/2000,1.88
9/21/2000,1.9025
9/22/2000,1.94
9/25/2000,1.9325
9/26/2000,1.945
9/27/2000,1.945
9/28/2000,1.9625
9/29/2000,1.9775
10/2/2000,1.9925
10/3/2000,2.035
10/4/2000,2.0425
10/5/2000,2.035
10/6/2000,2.0325
10/9/2000,2.015
10/10/2000,2.035
10/11/2000,2.045
10/12/2000,2.08
10/13/2000,2.08
10/16/2000,2.0675
10/17/2000,2.075
10/18/2000,2.0625
10/19/2000,2.0675
10/20/2000,2.0525
10/23/2000,2.0325
10/24/2000,2.04
10/25/2000,2.0325
10/26/2000,2.0225
10/27/2000,2.0075
10/30/2000,2.005
10/31/2000,2.06
11/1/2000,2.06
11/2/2000,2.12
11/3/2000,2.1325
11/6/2000,2.135
11/7/2000,2.1475
11/8/2000,2.16
11/9/2000,2.1375
11/10/2000,2.12
11/13/2000,2.1125
11/14/2000,2.0875
11/15/2000,2.075
11/16/2000,2.0875
11/17/2000,2.1125
11/20/2000,2.11
11/21/2000,2.1075
11/22/2000,2.1025
11/24/2000,2.1125
11/27/2000,2.1295
11/28/2000,2.1275
11/29/2000,2.125
11/30/2000,2.1815
12/1/2000,2.215
12/4/2000,2.2025
12/5/2000,2.2
12/6/2000,2.1875
12/7/2000,2.1475
12/8/2000,2.1875
12/11/2000,2.17
12/12/2000,2.1625
12/13/2000,2.175
12/14/2000,2.185
12/15/2000,2.1825
12/18/2000,2.2325
12/19/2000,2.2575
12/20/2000,2.25
12/21/2000,2.2625
12/22/2000,2.2675
12/26/2000,2.2675
12/27/2000,2.2875
12/28/2000,2.3025
12/29/2000,2.3175
1/2/2001,2.2725
1/3/2001,2.3
1/4/2001,2.3
1/5/2001,2.26
1/8/2001,2.2575
1/9/2001,2.275
1/10/2001,2.295
1/11/2001,2.225
1/12/2001,2.1925
1/16/2001,2.1625
1/17/2001,2.175
1/18/2001,2.18
1/19/2001,2.15
1/22/2001,2.1525
1/23/2001,2.14
1/24/2001,2.155
1/25/2001,2.135
1/26/2001,2.095
1/29/2001,2.0825
1/30/2001,2.0925
1/31/2001,2.09
2/1/2001,2.11
2/2/2001,2.13
2/5/2001,2.12
2/6/2001,2.135
2/7/2001,2.1225
2/8/2001,2.1
2/9/2001,2.1025
2/12/2001,2.1025
2/13/2001,2.0975
2/14/2001,2.1275
2/15/2001,2.12
2/16/2001,2.12
2/20/2001,2.1225
2/21/2001,2.105
2/22/2001,2.0975
2/23/2001,2.108
2/26/2001,2.1235
2/27/2001,2.153
2/28/2001,2.209
3/1/2001,2.24
3/2/2001,2.2275
3/5/2001,2.225
3/6/2001,2.2325
3/7/2001,2.2025
3/8/2001,2.2025
3/9/2001,2.1975
3/12/2001,2.2125
3/13/2001,2.205
3/14/2001,2.1775
3/15/2001,2.1075
3/16/2001,2.075
3/19/2001,2.09
3/20/2001,2.115
3/21/2001,2.1025
3/22/2001,2.0525
3/23/2001,2.07
3/26/2001,2.0975
3/27/2001,2.11
3/28/2001,2.0925
3/29/2001,2.0725
3/30/2001,2.0325
4/2/2001,2.0825
4/3/2001,2.0925
4/4/2001,2.1175
4/5/2001,2.1225
4/6/2001,2.1025
4/9/2001,2.1075
4/10/2001,2.09
4/11/2001,2.105
4/12/2001,2.1175
4/16/2001,2.12
4/17/2001,2.0925
4/18/2001,2.09
4/19/2001,2.045
4/20/2001,2.02
4/23/2001,1.965
4/24/2001,1.945
4/25/2001,1.971
4/26/2001,2.0295
4/27/2001,2.0095
4/30/2001,2.0585
5/1/2001,2.075
5/2/2001,2.085
5/3/2001,2.0775
5/4/2001,2.1
5/7/2001,2.08
5/8/2001,2.05
5/9/2001,2.05
5/10/2001,1.9825
5/11/2001,1.97
5/14/2001,2.0175
5/15/2001,2.0175
5/16/2001,2.015
5/17/2001,2.0125
5/18/2001,1.9975
5/21/2001,1.94
5/22/2001,1.9125
5/23/2001,1.9225
5/24/2001,1.9375
5/25/2001,1.9125
5/29/2001,1.8925
5/30/2001,1.9
5/31/2001,1.9275
6/1/2001,1.9875
6/4/2001,1.9575
6/5/2001,1.955
6/6/2001,1.985
6/7/2001,1.985
6/8/2001,1.9725
6/11/2001,1.9875
6/12/2001,1.9725
6/13/2001,1.965
6/14/2001,1.9475
6/15/2001,1.905
6/18/2001,1.905
6/19/2001,1.93
6/20/2001,1.9025
6/21/2001,1.8825
6/22/2001,1.8725
6/25/2001,1.845
6/26/2001,1.8685
6/27/2001,1.911
6/28/2001,1.9405
6/29/2001,1.9555
7/2/2001,1.9925
7/3/2001,2.0225
7/5/2001,2.0575
7/6/2001,2.0725
7/9/2001,2.115
7/10/2001,2.165
7/11/2001,2.245
7/12/2001,2.3425
7/13/2001,2.2425
7/16/2001,2.1625
7/17/2001,2.2475
7/18/2001,2.165
7/19/2001,2.165
7/20/2001,2.09
7/23/2001,2.0925
7/24/2001,2.15
7/25/2001,2.1925
7/26/2001,2.1825
7/27/2001,2.205
7/30/2001,2.17
7/31/2001,2.1875
8/1/2001,2.1525
8/2/2001,2.135
8/3/2001,2.105
8/6/2001,2.125
8/7/2001,2.16
8/8/2001,2.175
8/9/2001,2.1975
8/10/2001,2.22
8/13/2001,2.2475
8/14/2001,2.2175
8/15/2001,2.195
8/16/2001,2.17
8/17/2001,2.1575
8/20/2001,2.125
8/21/2001,2.155
8/22/2001,2.155
8/23/2001,2.19
8/24/2001,2.1475
8/27/2001,2.1775
8/28/2001,2.186
8/29/2001,2.233
8/30/2001,2.246
8/31/2001,2.296
9/4/2001,2.3125
9/5/2001,2.2975
9/6/2001,2.2625
9/7/2001,2.2575
9/10/2001,2.265
9/11/2001,2.265
9/13/2001,2.295
9/14/2001,2.2425
9/17/2001,2.2175
9/18/2001,2.185
9/19/2001,2.16
9/20/2001,2.1875
9/21/2001,2.1725
9/24/2001,2.1575
9/25/2001,2.155
9/26/2001,2.1675
9/27/2001,2.16
9/28/2001,2.145
10/1/2001,2.105
10/2/2001,2.0925
10/3/2001,2.1075
10/4/2001,2.115
10/5/2001,2.1425
10/8/2001,2.155
10/9/2001,2.13
10/10/2001,2.1425
10/11/2001,2.1325
10/12/2001,2.085
10/15/2001,2.06
10/16/2001,2.0675
10/17/2001,2.0775
10/18/2001,2.0525
10/19/2001,2.055
10/22/2001,2.0425
10/23/2001,2.0425
10/24/2001,2.065
10/25/2001,2.065
10/26/2001,2.055
10/29/2001,2.035
10/30/2001,2.06
10/31/2001,2.055
11/1/2001,2.04
11/2/2001,2.0225
11/5/2001,2.0275
11/6/2001,2.025
11/7/2001,2.025
11/8/2001,2.0275
11/9/2001,2.06
11/12/2001,2.06
11/13/2001,2.05
11/14/2001,2.065
11/15/2001,2.06
11/16/2001,2.0725
11/19/2001,2.0925
11/20/2001,2.0875
11/21/2001,2.0875
11/23/2001,2.0825
11/26/2001,2.0375
11/27/2001,2.0615
11/28/2001,2.0345
11/29/2001,2.0695
11/30/2001,2.181
12/3/2001,2.21
12/4/2001,2.2125
12/5/2001,2.1925
12/6/2001,2.165
12/7/2001,2.19
12/10/2001,2.195
12/11/2001,2.195
12/12/2001,2.16
12/13/2001,2.165
12/14/2001,2.1675
12/17/2001,2.155
12/18/2001,2.14
12/19/2001,2.1425
12/20/2001,2.1225
12/21/2001,2.115
12/26/2001,2.0875
12/27/2001,2.095
12/28/2001,2.0975
12/31/2001,2.09
1/2/2002,2.085
1/3/2002,2.105
1/4/2002,2.105
1/7/2002,2.115
1/8/2002,2.115
1/9/2002,2.1
1/10/2002,2.0875
1/11/2002,2.1275
1/14/2002,2.11
1/15/2002,2.1275
1/16/2002,2.1475
1/17/2002,2.135
1/18/2002,2.1175
1/22/2002,2.0975
1/23/2002,2.0875
1/24/2002,2.095
1/25/2002,2.09
1/28/2002,2.075
1/29/2002,2.0625
1/30/2002,2.06
1/31/2002,2.06
2/1/2002,2.045
2/4/2002,2.06
2/5/2002,2.0625
2/6/2002,2.0425
2/7/2002,2.045
2/8/2002,2.0475
2/11/2002,2.0525
2/12/2002,2.0575
2/13/2002,2.0875
2/14/2002,2.0675
2/15/2002,2.05
2/19/2002,2.0575
2/20/2002,2.0675
2/21/2002,2.0675
2/22/2002,2.0525
2/25/2002,2.0325
2/26/2002,2.0145
2/27/2002,2.041
2/28/2002,2.061
3/1/2002,2.085
3/4/2002,2.0775
3/5/2002,2.095
3/6/2002,2.0825
3/7/2002,2.0775
3/8/2002,2.0825
3/11/2002,2.095
3/12/2002,2.105
3/13/2002,2.0725
3/14/2002,2.0775
3/15/2002,2.0575
3/18/2002,2.0625
3/19/2002,2.065
3/20/2002,2.0575
3/21/2002,2.055
3/22/2002,2.0475
3/25/2002,2.0375
3/26/2002,2.045
3/27/2002,2.0625
3/28/2002,2.025
4/1/2002,2.035
4/2/2002,2.0375
4/3/2002,2.0125
4/4/2002,2.015
4/5/2002,2.005
4/8/2002,2.015
4/9/2002,2.0125
4/10/2002,1.9975
4/11/2002,1.9875
4/12/2002,1.9775
4/15/2002,1.96
4/16/2002,1.9775
4/17/2002,1.9975
4/18/2002,1.9825
4/19/2002,1.9725
4/22/2002,1.9875
4/23/2002,1.9875
4/24/2002,1.9775
4/25/2002,1.982
4/26/2002,1.9895
4/29/2002,1.9715
4/30/2002,1.991
5/1/2002,2.03
5/2/2002,2.005
5/3/2002,2.01
5/6/2002,2.005
5/7/2002,2.0475
5/8/2002,2.045
5/9/2002,2.055
5/10/2002,2.06
5/13/2002,2.15
5/14/2002,2.155
5/15/2002,2.1625
5/16/2002,2.1325
5/17/2002,2.09
5/20/2002,2.115
5/21/2002,2.1075
5/22/2002,2.075
5/23/2002,2.0775
5/24/2002,2.05
5/28/2002,2.075
5/29/2002,2.115
5/30/2002,2.125
5/31/2002,2.14
6/3/2002,2.095
6/4/2002,2.105
6/5/2002,2.1025
6/6/2002,2.09
6/7/2002,2.0675
6/10/2002,2.0675
6/11/2002,2.0425
6/12/2002,2.0675
6/13/2002,2.1175
6/14/2002,2.0925
6/17/2002,2.08
6/18/2002,2.0675
6/19/2002,2.0875
6/20/2002,2.1
6/21/2002,2.1025
6/24/2002,2.18
6/25/2002,2.2135
6/26/2002,2.245
6/27/2002,2.3065
6/28/2002,2.315
7/1/2002,2.405
7/2/2002,2.355
7/3/2002,2.3125
7/5/2002,2.365
7/8/2002,2.2925
7/9/2002,2.325
7/10/2002,2.2875
7/11/2002,2.2375
7/12/2002,2.225
7/15/2002,2.2725
7/16/2002,2.3475
7/17/2002,2.315
7/18/2002,2.3275
7/19/2002,2.3475
7/22/2002,2.46
7/23/2002,2.415
7/24/2002,2.4925
7/25/2002,2.4425
7/26/2002,2.43
7/29/2002,2.31
7/30/2002,2.36
7/31/2002,2.4725
8/1/2002,2.4925
8/2/2002,2.5275
8/5/2002,2.535
8/6/2002,2.5125
8/7/2002,2.49
8/8/2002,2.4625
8/9/2002,2.5025
8/12/2002,2.6075
8/13/2002,2.6775
8/14/2002,2.73
8/15/2002,2.7225
8/16/2002,2.7075
8/19/2002,2.66
8/20/2002,2.595
8/21/2002,2.6125
8/22/2002,2.605
8/23/2002,2.625
8/26/2002,2.6325
8/27/2002,2.6345
8/28/2002,2.638
8/29/2002,2.6265
8/30/2002,2.663
9/3/2002,2.7425
9/4/2002,2.785
9/5/2002,2.805
9/6/2002,2.8325
9/9/2002,2.8925
9/10/2002,2.875
9/11/2002,2.925
9/12/2002,2.8325
9/13/2002,2.7625
9/16/2002,2.78
9/17/2002,2.765
9/18/2002,2.725
9/19/2002,2.6675
9/20/2002,2.6075
9/23/2002,2.5425
9/24/2002,2.595
9/25/2002,2.585
9/26/2002,2.605
9/27/2002,2.5875
9/30/2002,2.515
10/1/2002,2.5575
10/2/2002,2.57
10/3/2002,2.545
10/4/2002,2.5775
10/7/2002,2.6
10/8/2002,2.575
10/9/2002,2.56
10/10/2002,2.515
10/11/2002,2.4675
10/14/2002,2.455
10/15/2002,2.54
10/16/2002,2.5325
10/17/2002,2.555
10/18/2002,2.5425
10/21/2002,2.5425
10/22/2002,2.515
10/23/2002,2.5025
10/24/2002,2.5025
10/25/2002,2.5025
10/28/2002,2.475
10/29/2002,2.49
10/30/2002,2.46
10/31/2002,2.475
11/1/2002,2.475
11/4/2002,2.4425
11/5/2002,2.42
11/6/2002,2.43
11/7/2002,2.41
11/8/2002,2.3575
11/11/2002,2.3575
11/12/2002,2.3825
11/13/2002,2.405
11/14/2002,2.44
11/15/2002,2.42
11/18/2002,2.4375
11/19/2002,2.475
11/20/2002,2.48
11/21/2002,2.465
11/22/2002,2.4775
11/25/2002,2.4355
11/26/2002,2.4325
11/27/2002,2.4285
11/29/2002,2.4125
12/2/2002,2.4125
12/3/2002,2.3875
12/4/2002,2.3925
12/5/2002,2.36
12/6/2002,2.3725
12/9/2002,2.3675
12/10/2002,2.3825
12/11/2002,2.405
12/12/2002,2.3925
12/13/2002,2.4
12/16/2002,2.3875
12/17/2002,2.3825
12/18/2002,2.4
12/19/2002,2.3975
12/20/2002,2.3925
12/23/2002,2.4275
12/26/2002,2.4275
12/27/2002,2.3975
12/30/2002,2.3575
12/31/2002,2.3575
1/2/2003,2.37
1/3/2003,2.36
1/6/2003,2.3575
1/7/2003,2.4
1/8/2003,2.4525
1/9/2003,2.435
1/10/2003,2.3475
1/13/2003,2.305
1/14/2003,2.3125
1/15/2003,2.3125
1/16/2003,2.3075
1/17/2003,2.325
1/21/2003,2.3375
1/22/2003,2.3475
1/23/2003,2.355
1/24/2003,2.355
1/27/2003,2.35
1/28/2003,2.385
1/29/2003,2.355
1/30/2003,2.37
1/31/2003,2.3825
2/3/2003,2.3675
2/4/2003,2.3775
2/5/2003,2.3675
2/6/2003,2.39
2/7/2003,2.3975
2/10/2003,2.415
2/11/2003,2.415
2/12/2003,2.3925
2/13/2003,2.3975
2/14/2003,2.4025
2/18/2003,2.3825
2/19/2003,2.3525
2/20/2003,2.355
2/21/2003,2.3175
2/24/2003,2.3075
2/25/2003,2.3235
2/26/2003,2.3255
2/27/2003,2.3145
2/28/2003,2.3295
3/3/2003,2.345
3/4/2003,2.3625
3/5/2003,2.375
3/6/2003,2.4025
3/7/2003,2.4
3/10/2003,2.37
3/11/2003,2.35
3/12/2003,2.355
3/13/2003,2.355
3/14/2003,2.33
3/17/2003,2.2975
3/18/2003,2.2975
3/19/2003,2.315
3/20/2003,2.3375
3/21/2003,2.315
3/24/2003,2.29
3/25/2003,2.2825
3/26/2003,2.28
3/27/2003,2.2875
3/28/2003,2.2775
3/31/2003,2.365
4/1/2003,2.395
4/2/2003,2.4025
4/3/2003,2.3875
4/4/2003,2.39
4/7/2003,2.4325
4/8/2003,2.4275
4/9/2003,2.42
4/10/2003,2.3875
4/11/2003,2.3925
4/14/2003,2.3925
4/15/2003,2.4175
4/16/2003,2.3925
4/17/2003,2.4075
4/21/2003,2.3875
4/22/2003,2.3875
4/23/2003,2.3875
4/24/2003,2.3725
4/25/2003,2.346
4/28/2003,2.3155
4/29/2003,2.3145
4/30/2003,2.3155
5/1/2003,2.315
5/2/2003,2.325
5/5/2003,2.3725
5/6/2003,2.375
5/7/2003,2.425
5/8/2003,2.425
5/9/2003,2.52
5/12/2003,2.5225
5/13/2003,2.5275
5/14/2003,2.5125
5/15/2003,2.5575
5/16/2003,2.5425
5/19/2003,2.4675
5/20/2003,2.4675
5/21/2003,2.455
5/22/2003,2.4375
5/23/2003,2.4375
5/27/2003,2.42
5/28/2003,2.4125
5/29/2003,2.45
5/30/2003,2.4425
6/2/2003,2.415
6/3/2003,2.4
6/4/2003,2.375
6/5/2003,2.3575
6/6/2003,2.3875
6/9/2003,2.3625
6/10/2003,2.3925
6/11/2003,2.44
6/12/2003,2.47
6/13/2003,2.4175
6/16/2003,2.405
6/17/2003,2.42
6/18/2003,2.4425
6/19/2003,2.445
6/20/2003,2.4275
6/23/2003,2.395
6/24/2003,2.3925
6/25/2003,2.3795
6/26/2003,2.31
6/27/2003,2.3125
6/30/2003,2.247
7/1/2003,2.2525
7/2/2003,2.2325
7/3/2003,2.2225
7/7/2003,2.195
7/8/2003,2.2325
7/9/2003,2.2075
7/10/2003,2.15
7/11/2003,2.1325
7/14/2003,2.12
7/15/2003,2.085
7/16/2003,2.08
7/17/2003,2.0725
7/18/2003,2.06
7/21/2003,2.0825
7/22/2003,2.085
7/23/2003,2.055
7/24/2003,2.055
7/25/2003,2.065
7/28/2003,2.0975
7/29/2003,2.1
7/30/2003,2.0775
7/31/2003,2.06
8/1/2003,2.0675
8/4/2003,2.095
8/5/2003,2.095
8/6/2003,2.115
8/7/2003,2.1225
8/8/2003,2.1275
8/11/2003,2.095
8/12/2003,2.1975
8/13/2003,2.2
8/14/2003,2.2
8/15/2003,2.2025
8/18/2003,2.2875
8/19/2003,2.23
8/20/2003,2.2675
8/21/2003,2.245
8/22/2003,2.2675
8/25/2003,2.2725
8/26/2003,2.2935
8/27/2003,2.322
8/28/2003,2.3525
8/29/2003,2.4005
9/2/2003,2.4
9/3/2003,2.4425
9/4/2003,2.47
9/5/2003,2.43
9/8/2003,2.4025
9/9/2003,2.4275
9/10/2003,2.4225
9/11/2003,2.33
9/12/2003,2.28
9/15/2003,2.27
9/16/2003,2.2425
9/17/2003,2.2375
9/18/2003,2.2375
9/19/2003,2.26
9/22/2003,2.2775
9/23/2003,2.2375
9/24/2003,2.2425
9/25/2003,2.2625
9/26/2003,2.2625
9/29/2003,2.26
9/30/2003,2.2025
10/1/2003,2.2025
10/2/2003,2.2025
10/3/2003,2.23
10/6/2003,2.2125
10/7/2003,2.235
10/8/2003,2.215
10/9/2003,2.2175
10/10/2003,2.1625
10/13/2003,2.175
10/14/2003,2.185
10/15/2003,2.165
10/16/2003,2.1475
10/17/2003,2.1425
10/20/2003,2.1375
10/21/2003,2.1575
10/22/2003,2.2025
10/23/2003,2.35
10/24/2003,2.35
10/27/2003,2.3525
10/28/2003,2.4025
10/29/2003,2.4825
10/30/2003,2.4775
10/31/2003,2.4725
11/3/2003,2.4
11/4/2003,2.3225
11/5/2003,2.3675
11/6/2003,2.3425
11/7/2003,2.3525
11/10/2003,2.3275
11/11/2003,2.325
11/12/2003,2.4025
11/13/2003,2.4075
11/14/2003,2.405
11/17/2003,2.3825
11/18/2003,2.3575
11/19/2003,2.3125
11/20/2003,2.3525
11/21/2003,2.36
11/24/2003,2.357
11/25/2003,2.415
11/26/2003,2.4535
11/28/2003,2.48
12/1/2003,2.4925
12/2/2003,2.4825
12/3/2003,2.5225
12/4/2003,2.49
12/5/2003,2.485
12/8/2003,2.48
12/9/2003,2.4975
12/10/2003,2.4975
12/11/2003,2.51
12/12/2003,2.525
12/15/2003,2.535
12/16/2003,2.52
12/17/2003,2.515
12/18/2003,2.495
12/19/2003,2.4925
12/22/2003,2.4625
12/23/2003,2.4375
12/24/2003,2.3575
12/26/2003,2.3975
12/29/2003,2.4275
12/30/2003,2.425
12/31/2003,2.46
1/2/2004,2.5325
1/5/2004,2.53
1/6/2004,2.515
1/7/2004,2.5
1/8/2004,2.5175
1/9/2004,2.51
1/12/2004,2.655
1/13/2004,2.685
1/14/2004,2.6875
1/15/2004,2.6875
1/16/2004,2.725
1/20/2004,2.7525
1/21/2004,2.7725
1/22/2004,2.76
1/23/2004,2.77
1/26/2004,2.8125
1/27/2004,2.7625
1/28/2004,2.7075
1/29/2004,2.7
1/30/2004,2.7625
2/2/2004,2.7125
2/3/2004,2.73
2/4/2004,2.7025
2/5/2004,2.7525
2/6/2004,2.79
2/9/2004,2.8425
2/10/2004,2.8
2/11/2004,2.8425
2/12/2004,2.8125
2/13/2004,2.825
2/17/2004,2.84
2/18/2004,2.7975
2/19/2004,2.8475
2/20/2004,2.8475
2/23/2004,2.8725
2/24/2004,2.9215
2/25/2004,2.9445
2/26/2004,2.996
2/27/2004,3.0165
3/1/2004,3.0275
3/2/2004,2.9575
3/3/2004,2.9775
3/4/2004,2.97
3/5/2004,2.9725
3/8/2004,2.925
3/9/2004,3.015
3/10/2004,2.9825
3/11/2004,2.99
3/12/2004,3.0125
3/15/2004,3.075
3/16/2004,3.0525
3/17/2004,3.0825
3/18/2004,3.12
3/19/2004,3.12
3/22/2004,3.185
3/23/2004,3.1575
3/24/2004,3.095
3/25/2004,3.0675
3/26/2004,3.055
3/29/2004,3.05
3/30/2004,3.1225
3/31/2004,3.2
4/1/2004,3.2575
4/2/2004,3.305
4/5/2004,3.295
4/6/2004,3.2675
4/7/2004,3.3
4/8/2004,3.305
4/12/2004,3.2225
4/13/2004,3.1175
4/14/2004,3.165
4/15/2004,3.075
4/16/2004,3.145
4/19/2004,3.1125
4/20/2004,3.0925
4/21/2004,3.04
4/22/2004,3.04
4/23/2004,3.035
4/26/2004,3.0125
4/27/2004,3.105
4/28/2004,3.1065
4/29/2004,3.1745
4/30/2004,3.205
5/3/2004,3.24
5/4/2004,3.2375
5/5/2004,3.1975
5/6/2004,3.1025
5/7/2004,3.11
5/10/2004,2.985
5/11/2004,2.9925
5/12/2004,2.975
5/13/2004,2.9525
5/14/2004,2.9225
5/17/2004,2.9525
5/18/2004,2.92
5/19/2004,2.985
5/20/2004,2.9225
5/21/2004,2.9
5/24/2004,2.96
5/25/2004,3.0375
5/26/2004,3.0075
5/27/2004,2.9875
5/28/2004,3.04
6/1/2004,3.24
6/2/2004,3.2175
6/3/2004,3.1075
6/4/2004,3.0825
6/7/2004,3.0025
6/8/2004,2.97
6/9/2004,2.975
6/10/2004,2.8575
6/14/2004,2.8825
6/15/2004,2.8025
6/16/2004,2.815
6/17/2004,2.7775
6/18/2004,2.745
6/21/2004,2.745
6/22/2004,2.6775
6/23/2004,2.745
6/24/2004,2.7325
6/25/2004,2.771
6/28/2004,2.7275
6/29/2004,2.707
6/30/2004,2.615
7/1/2004,2.63
7/2/2004,2.5925
7/6/2004,2.54
7/7/2004,2.5375
7/8/2004,2.485
7/9/2004,2.4625
7/12/2004,2.48
7/13/2004,2.4475
7/14/2004,2.465
7/15/2004,2.425
7/16/2004,2.39
7/19/2004,2.37
7/20/2004,2.34
7/21/2004,2.2625
7/22/2004,2.1925
7/23/2004,2.2375
7/26/2004,2.2325
7/27/2004,2.2225
7/28/2004,2.185
7/29/2004,2.185
7/30/2004,2.1725
8/2/2004,2.1825
8/3/2004,2.1925
8/4/2004,2.2125
8/5/2004,2.24
8/6/2004,2.2575
8/9/2004,2.27
8/10/2004,2.245
8/11/2004,2.2075
8/12/2004,2.18
8/13/2004,2.1775
8/16/2004,2.2225
8/17/2004,2.285
8/18/2004,2.255
8/19/2004,2.2925
8/20/2004,2.3125
8/23/2004,2.3425
8/24/2004,2.3225
8/25/2004,2.28
8/26/2004,2.27
8/27/2004,2.2375
8/30/2004,2.3095
8/31/2004,2.3575
9/1/2004,2.4275
9/2/2004,2.3625
9/3/2004,2.31
9/7/2004,2.265
9/8/2004,2.2675
9/9/2004,2.265
9/10/2004,2.2225
9/13/2004,2.205
9/14/2004,2.18
9/15/2004,2.185
9/16/2004,2.1625
9/17/2004,2.1525
9/20/2004,2.1275
9/21/2004,2.1275
9/22/2004,2.1025
9/23/2004,2.0775
9/24/2004,2.0525
9/27/2004,2.0775
9/28/2004,2.085
9/29/2004,2.0725
9/30/2004,2.055
10/1/2004,2.06
10/4/2004,2.0275
10/5/2004,2.045
10/6/2004,2.0725
10/7/2004,2.06
10/8/2004,2.045
10/11/2004,2.0475
10/12/2004,2.025
10/13/2004,2.0525
10/14/2004,2.0425
10/15/2004,2.0675
10/18/2004,2.04
10/19/2004,2.07
10/20/2004,2.06
10/21/2004,2.0425
10/22/2004,2.0175
10/25/2004,2.0525
10/26/2004,2.0675
10/27/2004,2.0625
10/28/2004,2.0625
10/29/2004,2.025
11/1/2004,2
11/2/2004,1.9975
11/3/2004,1.99
11/4/2004,1.975
11/5/2004,1.995
11/8/2004,1.98
11/9/2004,1.98
11/10/2004,1.9825
11/11/2004,1.9725
11/12/2004,2
11/15/2004,2.025
11/16/2004,2.03
11/17/2004,2.0575
11/18/2004,2.04
11/19/2004,1.9925
11/22/2004,1.975
11/23/2004,1.98
11/24/2004,1.9775
11/25/2004,1.9985
11/26/2004,2.01
11/29/2004,2.0015
11/30/2004,2.015
12/1/2004,2.0325
12/2/2004,2.04
12/3/2004,2.0725
12/6/2004,2.09
12/7/2004,2.0325
12/8/2004,2.04
12/9/2004,2.03
12/10/2004,2.0125
12/13/2004,2.0475
12/14/2004,2.06
12/15/2004,2.05
12/16/2004,2.035
12/17/2004,2.045
12/20/2004,2.065
12/21/2004,2.0575
12/22/2004,2.055
12/23/2004,2.07
12/24/2004,2.07
12/27/2004,2.075
12/28/2004,2.07
12/29/2004,2.0325
12/30/2004,2.0475
12/31/2004,2.0475
1/3/2005,2.0175
1/4/2005,2.01
1/5/2005,2.015
1/6/2005,2.0875
1/7/2005,2.0675
1/10/2005,2.0675
1/11/2005,2.0675
1/12/2005,2.005
1/13/2005,2
1/14/2005,1.9725
1/18/2005,1.96
1/19/2005,1.9675
1/20/2005,1.9775
1/21/2005,1.97
1/24/2005,1.9775
1/25/2005,1.99
1/26/2005,1.9875
1/27/2005,1.9575
1/28/2005,1.9575
1/31/2005,1.97
2/1/2005,1.97
2/2/2005,1.9525
2/3/2005,1.95
2/4/2005,1.95
2/7/2005,1.9625
2/8/2005,1.9475
2/9/2005,1.95
2/10/2005,1.9825
2/11/2005,1.9825
2/14/2005,2.005
2/15/2005,2
2/16/2005,1.97
2/17/2005,1.9925
2/18/2005,2
2/22/2005,2.075
2/23/2005,2.0735
2/24/2005,2.0885
2/25/2005,2.175
2/28/2005,2.211
3/1/2005,2.1925
3/2/2005,2.19
3/3/2005,2.18
3/4/2005,2.17
3/7/2005,2.1325
3/8/2005,2.1425
3/9/2005,2.1625
3/10/2005,2.2
3/11/2005,2.2475
3/14/2005,2.21
3/15/2005,2.285
3/16/2005,2.255
3/17/2005,2.235
3/18/2005,2.1975
3/21/2005,2.145
3/22/2005,2.14
3/23/2005,2.1075
3/24/2005,2.105
3/28/2005,2.1275
3/29/2005,2.13
3/30/2005,2.125
3/31/2005,2.13
4/1/2005,2.1275
4/4/2005,2.0975
4/5/2005,2.055
4/6/2005,2.0725
4/7/2005,2.055
4/8/2005,2.04
4/11/2005,2.0575
4/12/2005,2.0675
4/13/2005,2.0575
4/14/2005,2.075
4/15/2005,2.0625
4/18/2005,2.0425
4/19/2005,2.095
4/20/2005,2.1075
4/21/2005,2.1125
4/22/2005,2.0925
4/25/2005,2.1325
4/26/2005,2.1475
4/27/2005,2.1175
4/28/2005,2.096
4/29/2005,2.1175
5/2/2005,2.09
5/3/2005,2.05
5/4/2005,2.06
5/5/2005,2.08
5/6/2005,2.0825
5/9/2005,2.0775
5/10/2005,2.0825
5/11/2005,2.065
5/12/2005,2.0425
5/13/2005,2.035
5/16/2005,2.07
5/17/2005,2.075
5/18/2005,2.1075
5/19/2005,2.095
5/20/2005,2.1325
5/23/2005,2.245
5/24/2005,2.2125
5/25/2005,2.2275
5/26/2005,2.25
5/27/2005,2.2125
5/31/2005,2.22
6/1/2005,2.245
6/2/2005,2.17
6/3/2005,2.1825
6/6/2005,2.2075
6/7/2005,2.2025
6/8/2005,2.16
6/9/2005,2.155
6/10/2005,2.1
6/13/2005,2.15
6/14/2005,2.19
6/15/2005,2.2425
6/16/2005,2.2575
6/17/2005,2.29
6/20/2005,2.355
6/21/2005,2.3225
6/22/2005,2.295
6/23/2005,2.265
6/24/2005,2.3275
6/27/2005,2.2345
6/28/2005,2.222
6/29/2005,2.222
6/30/2005,2.2025
7/1/2005,2.255
7/5/2005,2.4
7/6/2005,2.3975
7/7/2005,2.4175
7/8/2005,2.3475
7/11/2005,2.3525
7/12/2005,2.355
7/13/2005,2.4475
7/14/2005,2.505
7/15/2005,2.5775
7/18/2005,2.6
7/19/2005,2.485
7/20/2005,2.415
7/21/2005,2.34
7/22/2005,2.335
7/25/2005,2.305
7/26/2005,2.3425
7/27/2005,2.365
7/28/2005,2.41
7/29/2005,2.365
8/1/2005,2.3175
8/2/2005,2.325
8/3/2005,2.27
8/4/2005,2.245
8/5/2005,2.205
8/8/2005,2.22
8/9/2005,2.1875
8/10/2005,2.23
8/11/2005,2.25
8/12/2005,2.1775
8/15/2005,2.105
8/16/2005,2.095
8/17/2005,2.13
8/18/2005,2.1125
8/19/2005,2.1025
8/22/2005,2.125
8/23/2005,2.105
8/24/2005,2.0875
8/25/2005,2.0625
8/26/2005,2.0655
8/29/2005,2.1065
8/30/2005,2.125
8/31/2005,2.135
9/1/2005,2.2225
9/2/2005,2.1725
9/6/2005,2.2125
9/7/2005,2.175
9/8/2005,2.1625
9/9/2005,2.16
9/12/2005,2.115
9/13/2005,2.1
9/14/2005,2.0775
9/15/2005,2.065
9/16/2005,2.0625
9/19/2005,2.0625
9/20/2005,2.0675
9/21/2005,2.065
9/22/2005,2.0825
9/23/2005,2.0725
9/26/2005,2.045
9/27/2005,2.0325
9/28/2005,2.0325
9/29/2005,2.035
9/30/2005,2.055
10/3/2005,2.0875
10/4/2005,2.0575
10/5/2005,2.0475
10/6/2005,2.0425
10/7/2005,2.025
10/10/2005,2.02
10/11/2005,2.025
10/12/2005,2.0575
10/13/2005,2.035
10/14/2005,2.035
10/17/2005,2.0375
10/18/2005,2.02
10/19/2005,2.0175
10/20/2005,2.0275
10/21/2005,2.015
10/24/2005,1.995
10/25/2005,1.995
10/26/2005,1.9825
10/27/2005,1.9775
10/28/2005,1.97
10/31/2005,1.9625
11/1/2005,1.9675
11/2/2005,1.96
11/3/2005,1.9625
11/4/2005,1.955
11/7/2005,1.9475
11/8/2005,1.9525
11/9/2005,1.9525
11/10/2005,1.9375
11/11/2005,1.955
11/14/2005,1.9675
11/15/2005,1.9575
11/16/2005,1.9275
11/17/2005,1.9225
11/18/2005,1.9125
11/21/2005,1.915
11/22/2005,1.915
11/23/2005,1.9075
11/25/2005,1.9235
11/28/2005,1.9335
11/29/2005,1.948
11/30/2005,1.989
12/1/2005,2.0375
12/2/2005,2.0325
12/5/2005,2.0675
12/6/2005,2.0425
12/7/2005,2.01
12/8/2005,2.0175
12/9/2005,2.0375
12/12/2005,2.0775
12/13/2005,2.0875
12/14/2005,2.0725
12/15/2005,2.0475
12/16/2005,2.075
12/19/2005,2.0875
12/20/2005,2.0975
12/21/2005,2.1
12/22/2005,2.1275
12/23/2005,2.14
12/27/2005,2.155
12/28/2005,2.1625
12/29/2005,2.11
12/30/2005,2.1575
1/3/2006,2.2
1/4/2006,2.1825
1/5/2006,2.155
1/6/2006,2.1425
1/9/2006,2.11
1/10/2006,2.1325
1/11/2006,2.145
1/12/2006,2.1275
1/13/2006,2.135
1/17/2006,2.0875
1/18/2006,2.0575
1/19/2006,2.05
1/20/2006,2.05
1/23/2006,2.0825
1/24/2006,2.1325
1/25/2006,2.165
1/26/2006,2.17
1/27/2006,2.1875
1/30/2006,2.1775
1/31/2006,2.1875
2/1/2006,2.165
2/2/2006,2.205
2/3/2006,2.2525
2/6/2006,2.2275
2/7/2006,2.18
2/8/2006,2.2125
2/9/2006,2.255
2/10/2006,2.2125
2/13/2006,2.2075
2/14/2006,2.1875
2/15/2006,2.22
2/16/2006,2.235
2/17/2006,2.265
2/21/2006,2.26
2/22/2006,2.215
2/23/2006,2.2515
2/24/2006,2.3215
2/27/2006,2.344
2/28/2006,2.366
3/1/2006,2.3475
3/2/2006,2.3925
3/3/2006,2.395
3/6/2006,2.3275
3/7/2006,2.305
3/8/2006,2.28
3/9/2006,2.32
3/10/2006,2.345
3/13/2006,2.2875
3/14/2006,2.3175
3/15/2006,2.2925
3/16/2006,2.245
3/17/2006,2.215
3/20/2006,2.1825
3/21/2006,2.235
3/22/2006,2.225
3/23/2006,2.1925
3/24/2006,2.1875
3/27/2006,2.2175
3/28/2006,2.2225
3/29/2006,2.2425
3/30/2006,2.2775
3/31/2006,2.36
4/3/2006,2.365
4/4/2006,2.345
4/5/2006,2.3625
4/6/2006,2.415
4/7/2006,2.43
4/10/2006,2.4125
4/11/2006,2.42
4/12/2006,2.37
4/13/2006,2.3625
4/17/2006,2.365
4/18/2006,2.3925
4/19/2006,2.385
4/20/2006,2.3575
4/21/2006,2.365
4/24/2006,2.3275
4/25/2006,2.3325
4/26/2006,2.362
4/27/2006,2.3815
4/28/2006,2.4685
5/1/2006,2.48
5/2/2006,2.435
5/3/2006,2.425
5/4/2006,2.3925
5/5/2006,2.405
5/8/2006,2.37
5/9/2006,2.38
5/10/2006,2.4
5/11/2006,2.47
5/12/2006,2.5825
5/15/2006,2.6
5/16/2006,2.59
5/17/2006,2.63
5/18/2006,2.6025
5/19/2006,2.5275
5/22/2006,2.545
5/23/2006,2.53
5/24/2006,2.495
5/25/2006,2.5325
5/26/2006,2.54
5/30/2006,2.545
5/31/2006,2.5125
6/1/2006,2.545
6/2/2006,2.595
6/5/2006,2.53
6/6/2006,2.4775
6/7/2006,2.51
6/8/2006,2.455
6/9/2006,2.42
6/12/2006,2.475
6/13/2006,2.4325
6/14/2006,2.37
6/15/2006,2.33
6/16/2006,2.355
6/19/2006,2.2975
6/20/2006,2.2975
6/21/2006,2.3275
6/22/2006,2.305
6/23/2006,2.2825
6/26/2006,2.23
6/27/2006,2.275
6/28/2006,2.304
6/29/2006,2.3525
6/30/2006,2.439
7/3/2006,2.535
7/5/2006,2.495
7/6/2006,2.55
7/7/2006,2.51
7/10/2006,2.5725
7/11/2006,2.64
7/12/2006,2.6825
7/13/2006,2.6025
7/14/2006,2.6075
7/17/2006,2.5175
7/18/2006,2.465
7/19/2006,2.4475
7/20/2006,2.425
7/21/2006,2.3725
7/24/2006,2.39
7/25/2006,2.395
7/26/2006,2.36
7/27/2006,2.3775
7/28/2006,2.3725
7/31/2006,2.39
8/1/2006,2.405
8/2/2006,2.4725
8/3/2006,2.45
8/4/2006,2.45
8/7/2006,2.3975
8/8/2006,2.3575
8/9/2006,2.3975
8/10/2006,2.3875
8/11/2006,2.2475
8/14/2006,2.22
8/15/2006,2.22
8/16/2006,2.215
8/17/2006,2.19
8/18/2006,2.1975
8/21/2006,2.21
8/22/2006,2.195
8/23/2006,2.235
8/24/2006,2.275
8/25/2006,2.25
8/28/2006,2.278
8/29/2006,2.2915
8/30/2006,2.3825
8/31/2006,2.448
9/1/2006,2.4575
9/5/2006,2.4425
9/6/2006,2.4075
9/7/2006,2.4575
9/8/2006,2.46
9/11/2006,2.435
9/12/2006,2.3775
9/13/2006,2.3775
9/14/2006,2.3725
9/15/2006,2.4175
9/18/2006,2.4775
9/19/2006,2.465
9/20/2006,2.49
9/21/2006,2.5725
9/22/2006,2.5525
9/25/2006,2.5475
9/26/2006,2.59
9/27/2006,2.5375
9/28/2006,2.6425
9/29/2006,2.625
10/2/2006,2.6775
10/3/2006,2.64
10/4/2006,2.7425
10/5/2006,2.7175
10/6/2006,2.71
10/9/2006,2.895
10/10/2006,2.755
10/11/2006,2.84
10/12/2006,2.9825
10/13/2006,3.145
10/16/2006,3.1675
10/17/2006,3.21
10/18/2006,3.155
10/19/2006,3.16
10/20/2006,3.1275
10/23/2006,3.1825
10/24/2006,3.2425
10/25/2006,3.27
10/26/2006,3.27
10/27/2006,3.325
10/30/2006,3.295
10/31/2006,3.2075
11/1/2006,3.335
11/2/2006,3.4475
11/3/2006,3.4225
11/6/2006,3.435
11/7/2006,3.51
11/8/2006,3.5775
11/9/2006,3.5
11/10/2006,3.4325
11/13/2006,3.425
11/14/2006,3.5775
11/15/2006,3.5825
11/16/2006,3.515
11/17/2006,3.5525
11/20/2006,3.6
11/21/2006,3.6125
11/22/2006,3.6275
11/24/2006,3.6925
11/27/2006,3.7485
11/28/2006,3.7515
11/29/2006,3.7925
11/30/2006,3.878
12/1/2006,3.87
12/4/2006,3.755
12/5/2006,3.78
12/6/2006,3.66
12/7/2006,3.725
12/8/2006,3.685
12/11/2006,3.7075
12/12/2006,3.7275
12/13/2006,3.6825
12/14/2006,3.7175
12/15/2006,3.69
12/18/2006,3.6575
12/19/2006,3.73
12/20/2006,3.7275
12/21/2006,3.7775
12/22/2006,3.84
12/26/2006,3.88
12/27/2006,3.8675
12/28/2006,3.885
12/29/2006,3.9025
1/2/2007,3.9025
1/3/2007,3.705
1/4/2007,3.6225
1/5/2007,3.6825
1/8/2007,3.635
1/9/2007,3.545
1/10/2007,3.6025
1/11/2007,3.765
1/12/2007,3.965
1/16/2007,4.03
1/17/2007,4.08
1/18/2007,4.1225
1/19/2007,4.0675
1/22/2007,4.0425
1/23/2007,4.09
1/24/2007,4.0075
1/25/2007,4.07
1/26/2007,4.055
1/29/2007,4
1/30/2007,4.0475
1/31/2007,4.04
2/1/2007,3.98
2/2/2007,4.02
2/5/2007,4.02
2/6/2007,3.965
2/7/2007,3.9225
2/8/2007,3.9975
2/9/2007,4.0625
2/12/2007,4.0475
2/13/2007,4.11
2/14/2007,4.0825
2/15/2007,4.075
2/16/2007,4.17
2/20/2007,4.1525
2/21/2007,4.2625
2/22/2007,4.345
2/23/2007,4.327
2/26/2007,4.307
2/27/2007,4.1895
2/28/2007,4.3345
3/1/2007,4.28
3/2/2007,4.21
3/5/2007,4.2675
3/6/2007,4.22
3/7/2007,4.245
3/8/2007,4.215
3/9/2007,4.175
3/12/2007,4.0925
3/13/2007,4.0675
3/14/2007,4.0475
3/15/2007,3.9775
3/16/2007,3.995
3/19/2007,3.98
3/20/2007,4.0525
3/21/2007,4.0975
3/22/2007,4.095
3/23/2007,4.0325
3/26/2007,3.91
3/27/2007,3.925
3/28/2007,3.885
3/29/2007,3.945
3/30/2007,3.745
4/2/2007,3.5475
4/3/2007,3.4625
4/4/2007,3.5925
4/5/2007,3.66
4/9/2007,3.635
4/10/2007,3.69
4/11/2007,3.6075
4/12/2007,3.5875
4/13/2007,3.69
4/16/2007,3.6425
4/17/2007,3.5325
4/18/2007,3.635
4/19/2007,3.7125
4/20/2007,3.605
4/23/2007,3.5225
4/24/2007,3.605
4/25/2007,3.7335
4/26/2007,3.6895
4/27/2007,3.6995
4/30/2007,3.656
5/1/2007,3.775
5/2/2007,3.82
5/3/2007,3.8925
5/4/2007,3.9075
5/7/2007,3.79
5/8/2007,3.635
5/9/2007,3.6625
5/10/2007,3.545
5/11/2007,3.6925
5/14/2007,3.6325
5/15/2007,3.715
5/16/2007,3.76
5/17/2007,3.73
5/18/2007,3.7125
5/21/2007,3.81
5/22/2007,3.695
5/23/2007,3.685
5/24/2007,3.765
5/25/2007,3.76
5/29/2007,3.6475
5/30/2007,3.8225
5/31/2007,3.9025
6/1/2007,3.8675
6/4/2007,3.8375
6/5/2007,3.8025
6/6/2007,3.7475
6/7/2007,3.8475
6/8/2007,3.82
6/11/2007,3.96
6/12/2007,3.935
6/13/2007,4.045
6/14/2007,4.095
6/15/2007,4.19
6/18/2007,4.16
6/19/2007,3.96
6/20/2007,3.9425
6/21/2007,3.85
6/22/2007,3.675
6/25/2007,3.5775
6/26/2007,3.586
6/27/2007,3.4775
6/28/2007,3.458
6/29/2007,3.379
7/2/2007,3.3975
7/3/2007,3.285
7/5/2007,3.325
7/6/2007,3.415
7/9/2007,3.3925
7/10/2007,3.455
7/11/2007,3.43
7/12/2007,3.515
7/13/2007,3.5475
7/16/2007,3.3475
7/17/2007,3.225
7/18/2007,3.27
7/19/2007,3.2125
7/20/2007,3.1825
7/23/2007,3.1
7/24/2007,3.115
7/25/2007,3.115
7/26/2007,3.175
7/27/2007,3.21
7/30/2007,3.235
7/31/2007,3.2575
8/1/2007,3.19
8/2/2007,3.24
8/3/2007,3.265
8/6/2007,3.2575
8/7/2007,3.3525
8/8/2007,3.41
8/9/2007,3.3225
8/10/2007,3.33
8/13/2007,3.31
8/14/2007,3.275
8/15/2007,3.28
8/16/2007,3.215
8/17/2007,3.285
8/20/2007,3.3175
8/21/2007,3.385
8/22/2007,3.475
8/23/2007,3.4525
8/24/2007,3.415
8/27/2007,3.3575
8/28/2007,3.3075
8/29/2007,3.2975
8/30/2007,3.3295
8/31/2007,3.368
9/4/2007,3.5325
9/5/2007,3.4575
9/6/2007,3.3925
9/7/2007,3.475
9/10/2007,3.46
9/11/2007,3.4125
9/12/2007,3.565
9/13/2007,3.4675
9/14/2007,3.49
9/17/2007,3.5225
9/18/2007,3.5225
9/19/2007,3.5825
9/20/2007,3.6925
9/21/2007,3.765
9/24/2007,3.735
9/25/2007,3.7175
9/26/2007,3.75
9/27/2007,3.8675
9/28/2007,3.73
10/1/2007,3.6875
10/2/2007,3.4875
10/3/2007,3.445
10/4/2007,3.4225
10/5/2007,3.4225
10/8/2007,3.3975
10/9/2007,3.425
10/10/2007,3.4725
10/11/2007,3.4375
10/12/2007,3.51
10/15/2007,3.62
10/16/2007,3.605
10/17/2007,3.58
10/18/2007,3.6725
10/19/2007,3.7025
10/22/2007,3.645
10/23/2007,3.61
10/24/2007,3.565
10/25/2007,3.6625
10/26/2007,3.72
10/29/2007,3.76
10/30/2007,3.7025
10/31/2007,3.755
11/1/2007,3.6875
11/2/2007,3.77
11/5/2007,3.7525
11/6/2007,3.8575
11/7/2007,3.8425
11/8/2007,3.895
11/9/2007,3.8675
11/12/2007,3.79
11/13/2007,3.7475
11/14/2007,3.83
11/15/2007,3.7475
11/16/2007,3.795
11/19/2007,3.775
11/20/2007,3.8125
11/21/2007,3.82
11/23/2007,3.89
11/26/2007,3.8575
11/27/2007,3.8695
11/28/2007,3.9415
11/29/2007,3.9385
11/30/2007,3.981
12/3/2007,4.035
12/4/2007,4.1125
12/5/2007,4.1125
12/6/2007,4.12
12/7/2007,4.1725
12/10/2007,4.1775
12/11/2007,4.24
12/12/2007,4.3325
12/13/2007,4.35
12/14/2007,4.3825
12/17/2007,4.3875
12/18/2007,4.32
12/19/2007,4.3475
12/20/2007,4.375
12/21/2007,4.435
12/24/2007,4.44
12/26/2007,4.5225
12/27/2007,4.5475
12/28/2007,4.52
12/31/2007,4.555
1/2/2008,4.625
1/3/2008,4.66
1/4/2008,4.6675
1/7/2008,4.6625
1/8/2008,4.7875
1/9/2008,4.7725
1/10/2008,4.75
1/11/2008,4.95
1/14/2008,5.12
1/15/2008,5.09
1/16/2008,5.025
1/17/2008,5.02
1/18/2008,4.9825
1/22/2008,4.89
1/23/2008,4.6925
1/24/2008,4.8925
1/25/2008,4.9825
1/28/2008,5.0225
1/29/2008,5.01
1/30/2008,4.985
1/31/2008,5.0125
2/1/2008,5.005
2/4/2008,5.105
2/5/2008,5.0925
2/6/2008,5.015
2/7/2008,4.995
2/8/2008,5.08
2/11/2008,5.035
2/12/2008,4.9775
2/13/2008,4.97
2/14/2008,5.11
2/15/2008,5.1475
2/19/2008,5.2
2/20/2008,5.235
2/21/2008,5.245
2/22/2008,5.2225
2/25/2008,5.3325
2/26/2008,5.332
2/27/2008,5.302
2/28/2008,5.5105
2/29/2008,5.544
3/3/2008,5.665
3/4/2008,5.545
3/5/2008,5.67
3/6/2008,5.6725
3/7/2008,5.4725
3/10/2008,5.6575
3/11/2008,5.725
3/12/2008,5.6725
3/13/2008,5.695
3/14/2008,5.5925
3/17/2008,5.3925
3/18/2008,5.4725
3/19/2008,5.2725
3/20/2008,5.075
3/24/2008,5.2475
3/25/2008,5.4475
3/26/2008,5.5225
3/27/2008,5.555
3/28/2008,5.605
3/31/2008,5.6725
4/1/2008,5.84
4/2/2008,5.9575
4/3/2008,6
4/4/2008,5.98
4/7/2008,5.9
4/8/2008,5.9125
4/9/2008,6.05
4/10/2008,5.9425
4/11/2008,5.8425
4/14/2008,5.9175
4/15/2008,6.06
4/16/2008,6.035
4/17/2008,6.035
4/18/2008,5.995
4/21/2008,5.8025
4/22/2008,5.9425
4/23/2008,5.8775
4/24/2008,5.7625
4/25/2008,5.7995
4/28/2008,6.054
4/29/2008,5.992
4/30/2008,6.0985
5/1/2008,6.1725
5/2/2008,6.135
5/5/2008,5.94
5/6/2008,6.0625
5/7/2008,6.13
5/8/2008,6.3025
5/9/2008,6.2925
5/12/2008,6.1475
5/13/2008,6.0725
5/14/2008,5.9625
5/15/2008,5.99
5/16/2008,5.91
5/19/2008,5.8675
5/20/2008,5.8975
5/21/2008,6.0725
5/22/2008,5.9575
5/23/2008,5.9975
5/27/2008,5.98
5/28/2008,5.925
5/29/2008,5.8225
5/30/2008,5.9925
6/2/2008,6.1575
6/3/2008,6.08
6/4/2008,6.145
6/5/2008,6.4325
6/6/2008,6.5075
6/9/2008,6.5725
6/10/2008,6.7325
6/11/2008,7.0325
6/12/2008,7.09
6/13/2008,7.3175
6/16/2008,7.325
6/17/2008,7.4225
6/18/2008,7.4625
6/19/2008,7.2775
6/20/2008,7.2125
6/23/2008,7.2425
6/24/2008,7.125
6/25/2008,7.329
6/26/2008,7.5955
6/27/2008,7.6255
6/30/2008,7.3515
7/1/2008,7.3225
7/2/2008,7.61
7/3/2008,7.5775
7/7/2008,7.2775
7/8/2008,7.045
7/9/2008,6.9475
7/10/2008,6.865
7/11/2008,6.91
7/14/2008,6.6375
7/15/2008,6.4825
7/16/2008,6.585
7/17/2008,6.3125
7/18/2008,6.095
7/21/2008,5.8925
7/22/2008,5.735
7/23/2008,5.715
7/24/2008,5.73
7/25/2008,5.7725
7/28/2008,5.82
7/29/2008,5.94
7/30/2008,6.015
7/31/2008,5.875
8/1/2008,5.65
8/4/2008,5.355
8/5/2008,5.2525
8/6/2008,5.08
8/7/2008,5.2225
8/8/2008,4.985
8/11/2008,4.9725
8/12/2008,5.09
8/13/2008,5.39
8/14/2008,5.5775
8/15/2008,5.2975
8/18/2008,5.53
8/19/2008,5.6475
8/20/2008,5.7525
8/21/2008,5.9775
8/22/2008,5.865
8/25/2008,5.8025
8/26/2008,5.79
8/27/2008,5.849
8/28/2008,5.8065
8/29/2008,5.8165
9/2/2008,5.6925
9/3/2008,5.6225
9/4/2008,5.645
9/5/2008,5.485
9/8/2008,5.49
9/9/2008,5.445
9/10/2008,5.3675
9/11/2008,5.3325
9/12/2008,5.6325
9/15/2008,5.62
9/16/2008,5.3225
9/17/2008,5.54
9/18/2008,5.2725
9/19/2008,5.4225
9/22/2008,5.585
9/23/2008,5.6025
9/24/2008,5.63
9/25/2008,5.5825
9/26/2008,5.43
9/29/2008,5.13
9/30/2008,4.875
10/1/2008,4.84
10/2/2008,4.54
10/3/2008,4.54
10/6/2008,4.24
10/7/2008,4.17
10/8/2008,4.275
10/9/2008,4.3825
10/10/2008,4.0825
10/13/2008,4.115
10/14/2008,4.1125
10/15/2008,3.88
10/16/2008,3.845
10/17/2008,4.03
10/20/2008,4.185
10/21/2008,4.11
10/22/2008,3.85
10/23/2008,3.9025
10/24/2008,3.7275
10/27/2008,3.8525
10/28/2008,3.9075
10/29/2008,4.2075
10/30/2008,4.095
10/31/2008,4.015
11/3/2008,4.03
11/4/2008,4.13
11/5/2008,3.9025
11/6/2008,3.78
11/7/2008,3.755
11/10/2008,3.835
11/11/2008,3.7425
11/12/2008,3.695
11/13/2008,3.77
11/14/2008,3.8025
11/17/2008,3.8575
11/18/2008,3.8
11/19/2008,3.7875
11/20/2008,3.6375
11/21/2008,3.385
11/24/2008,3.578
11/25/2008,3.603
11/26/2008,3.642
11/28/2008,3.625
12/1/2008,3.4875
12/2/2008,3.4825
12/3/2008,3.4825
12/4/2008,3.34
12/5/2008,3.0925
12/8/2008,3.3
12/9/2008,3.2775
12/10/2008,3.42
12/11/2008,3.515
12/12/2008,3.735
12/15/2008,3.7525
12/16/2008,3.94
12/17/2008,3.895
12/18/2008,3.895
12/19/2008,3.8075
12/22/2008,3.8175
12/23/2008,3.9475
12/24/2008,3.98
12/26/2008,4.1225
12/29/2008,3.935
12/30/2008,3.9625
12/31/2008,4.07
1/2/2009,4.1225
1/5/2009,4.1125
1/6/2009,4.275
1/7/2009,4.165
1/8/2009,4.0675
1/9/2009,4.1075
1/12/2009,3.8075
1/13/2009,3.625
1/14/2009,3.665
1/15/2009,3.6525
1/16/2009,3.91
1/20/2009,3.835
1/21/2009,3.9025
1/22/2009,3.875
1/23/2009,3.905
1/26/2009,3.9375
1/27/2009,3.775
1/28/2009,3.845
1/29/2009,3.8175
1/30/2009,3.79
2/2/2009,3.705
2/3/2009,3.6175
2/4/2009,3.5825
2/5/2009,3.7125
2/6/2009,3.7725
2/9/2009,3.775
2/10/2009,3.7675
2/11/2009,3.685
2/12/2009,3.6625
2/13/2009,3.6325
2/17/2009,3.4925
2/18/2009,3.4925
2/19/2009,3.5325
2/20/2009,3.5025
2/23/2009,3.5175
2/24/2009,3.56
2/25/2009,3.6715
2/26/2009,3.671
2/27/2009,3.5735
3/2/2009,3.5025
3/3/2009,3.505
3/4/2009,3.635
3/5/2009,3.585
3/6/2009,3.615
3/9/2009,3.655
3/10/2009,3.755
3/11/2009,3.645
3/12/2009,3.8525
3/13/2009,3.885
3/16/2009,3.915
3/17/2009,3.905
3/18/2009,3.8825
3/19/2009,3.965
3/20/2009,3.965
3/23/2009,3.955
3/24/2009,3.9375
3/25/2009,3.8575
3/26/2009,3.9075
3/27/2009,3.87
3/30/2009,3.8625
3/31/2009,4.0475
4/1/2009,3.96
4/2/2009,4.025
4/3/2009,4.045
4/6/2009,4.055
4/7/2009,3.9625
4/8/2009,3.97
4/9/2009,3.9025
4/13/2009,3.875
4/14/2009,3.9425
4/15/2009,3.845
4/16/2009,3.8575
4/17/2009,3.7625
4/20/2009,3.695
4/21/2009,3.74
4/22/2009,3.735
4/23/2009,3.81
4/24/2009,3.77
4/27/2009,3.7395
4/28/2009,3.784
4/29/2009,3.9795
4/30/2009,4.0205
5/1/2009,4.1375
5/4/2009,4.055
5/5/2009,4.0525
5/6/2009,4.075
5/7/2009,4.12
5/8/2009,4.21
5/11/2009,4.2125
5/12/2009,4.275
5/13/2009,4.265
5/14/2009,4.2825
5/15/2009,4.1725
5/18/2009,4.215
5/19/2009,4.2575
5/20/2009,4.26
5/21/2009,4.24
5/22/2009,4.3025
5/26/2009,4.275
5/27/2009,4.26
5/28/2009,4.2875
5/29/2009,4.3625
6/1/2009,4.4575
6/2/2009,4.495
6/3/2009,4.325
6/4/2009,4.485
6/5/2009,4.44
6/8/2009,4.35
6/9/2009,4.44
6/10/2009,4.3575
6/11/2009,4.41
6/12/2009,4.255
6/15/2009,4.06
6/16/2009,4.04
6/17/2009,4.0775
6/18/2009,4.0325
6/19/2009,3.9925
6/22/2009,3.8525
6/23/2009,3.89
6/24/2009,3.865
6/25/2009,3.84
6/26/2009,3.8725
6/29/2009,3.815
6/30/2009,3.5315
7/1/2009,3.565
7/2/2009,3.4575
7/6/2009,3.3475
7/7/2009,3.255
7/8/2009,3.2525
7/9/2009,3.295
7/10/2009,3.2825
7/13/2009,3.3175
7/14/2009,3.385
7/15/2009,3.295
7/16/2009,3.1675
7/17/2009,3.2225
7/20/2009,3.2325
7/21/2009,3.115
7/22/2009,3.08
7/23/2009,3.27
7/24/2009,3.1625
7/27/2009,3.2225
7/28/2009,3.205
7/29/2009,3.2075
7/30/2009,3.3225
7/31/2009,3.395
8/3/2009,3.58
8/4/2009,3.545
8/5/2009,3.47
8/6/2009,3.325
8/7/2009,3.22
8/10/2009,3.2425
8/11/2009,3.265
8/12/2009,3.3075
8/13/2009,3.245
8/14/2009,3.1925
8/17/2009,3.1425
8/18/2009,3.145
8/19/2009,3.2
8/20/2009,3.185
8/21/2009,3.2175
8/24/2009,3.295
8/25/2009,3.215
8/26/2009,3.2165
8/27/2009,3.255
8/28/2009,3.258
8/31/2009,3.2905
9/1/2009,3.1925
9/2/2009,3.1925
9/3/2009,3.1575
9/4/2009,3.0625
9/8/2009,3.075
9/9/2009,3.0975
9/10/2009,3.1525
9/11/2009,3.1975
9/14/2009,3.1775
9/15/2009,3.465
9/16/2009,3.3625
9/17/2009,3.29
9/18/2009,3.18
9/21/2009,3.16
9/22/2009,3.2575
9/23/2009,3.3025
9/24/2009,3.365
9/25/2009,3.34
9/28/2009,3.3875
9/29/2009,3.41
9/30/2009,3.44
10/1/2009,3.405
10/2/2009,3.335
10/5/2009,3.415
10/6/2009,3.5825
10/7/2009,3.5975
10/8/2009,3.64
10/9/2009,3.6225
10/12/2009,3.8125
10/13/2009,3.8175
10/14/2009,3.83
10/15/2009,3.73
10/16/2009,3.72
10/19/2009,3.8625
10/20/2009,3.845
10/21/2009,3.9825
10/22/2009,4.035
10/23/2009,3.9775
10/26/2009,3.78
10/27/2009,3.7075
10/28/2009,3.69
10/29/2009,3.795
10/30/2009,3.66
11/2/2009,3.8225
11/3/2009,3.9
11/4/2009,3.84
11/5/2009,3.765
11/6/2009,3.67
11/9/2009,3.86
11/10/2009,3.945
11/11/2009,3.94
11/12/2009,3.905
11/13/2009,3.905
11/16/2009,4.0225
11/17/2009,4.02
11/18/2009,3.98
11/19/2009,3.95
11/20/2009,3.91
11/23/2009,3.8725
11/24/2009,3.792
11/25/2009,3.984
11/27/2009,4.07
11/30/2009,4.1455
12/1/2009,4.145
12/2/2009,4.065
12/3/2009,4.0075
12/4/2009,3.885
12/7/2009,3.8375
12/8/2009,3.85
12/9/2009,3.835
12/10/2009,3.93
12/11/2009,4.045
12/14/2009,4.085
12/15/2009,4.075
12/16/2009,4.1025
12/17/2009,3.97
12/18/2009,3.9775
12/21/2009,4
12/22/2009,3.9875
12/23/2009,4.0475
12/24/2009,4.085
12/28/2009,4.16
12/29/2009,4.17
12/30/2009,4.1375
12/31/2009,4.145
1/4/2010,4.185
1/5/2010,4.1875
1/6/2010,4.2175
1/7/2010,4.175
1/8/2010,4.23
1/11/2010,4.225
1/12/2010,3.925
1/13/2010,3.84
1/14/2010,3.81
1/15/2010,3.715
1/19/2010,3.6925
1/20/2010,3.68
1/21/2010,3.72
1/22/2010,3.6475
1/25/2010,3.6775
1/26/2010,3.6225
1/27/2010,3.5825
1/28/2010,3.6175
1/29/2010,3.565
2/1/2010,3.59
2/2/2010,3.65
2/3/2010,3.53
2/4/2010,3.54
2/5/2010,3.515
2/8/2010,3.56
2/9/2010,3.585
2/10/2010,3.6175
2/11/2010,3.6325
2/12/2010,3.615
2/16/2010,3.6725
2/17/2010,3.6
2/18/2010,3.5725
2/19/2010,3.6
2/22/2010,3.715
2/23/2010,3.6995
2/24/2010,3.7965
2/25/2010,3.7885
2/26/2010,3.868
3/1/2010,3.8175
3/2/2010,3.815
3/3/2010,3.8675
3/4/2010,3.83
3/5/2010,3.755
3/8/2010,3.75
3/9/2010,3.69
3/10/2010,3.655
3/11/2010,3.6525
3/12/2010,3.6425
3/15/2010,3.6325
3/16/2010,3.6675
3/17/2010,3.74
3/18/2010,3.76
3/19/2010,3.745
3/22/2010,3.7075
3/23/2010,3.6275
3/24/2010,3.65
3/25/2010,3.55
3/26/2010,3.5625
3/29/2010,3.57
3/30/2010,3.545
3/31/2010,3.45
4/1/2010,3.445
4/5/2010,3.4575
4/6/2010,3.465
4/7/2010,3.565
4/8/2010,3.4825
4/9/2010,3.4575
4/12/2010,3.4825
4/13/2010,3.525
4/14/2010,3.58
4/15/2010,3.6325
4/16/2010,3.64
4/19/2010,3.4775
4/20/2010,3.555
4/21/2010,3.5925
4/22/2010,3.6225
4/23/2010,3.53
4/26/2010,3.5225
4/27/2010,3.4875
4/28/2010,3.598
4/29/2010,3.656
4/30/2010,3.7345
5/3/2010,3.715
5/4/2010,3.69
5/5/2010,3.73
5/6/2010,3.7125
5/7/2010,3.72
5/10/2010,3.705
5/11/2010,3.77
5/12/2010,3.7825
5/13/2010,3.73
5/14/2010,3.63
5/17/2010,3.56
5/18/2010,3.5975
5/19/2010,3.5925
5/20/2010,3.62
5/21/2010,3.69
5/24/2010,3.71
5/25/2010,3.6425
5/26/2010,3.715
5/27/2010,3.7325
5/28/2010,3.59
6/1/2010,3.54
6/2/2010,3.485
6/3/2010,3.495
6/4/2010,3.4
6/7/2010,3.3575
6/8/2010,3.3725
6/9/2010,3.3825
6/10/2010,3.4325
6/11/2010,3.495
6/14/2010,3.5375
6/15/2010,3.5375
6/16/2010,3.5625
6/17/2010,3.575
6/18/2010,3.6075
6/21/2010,3.55
6/22/2010,3.515
6/23/2010,3.465
6/24/2010,3.4475
6/25/2010,3.423
6/28/2010,3.3715
6/29/2010,3.2995
6/30/2010,3.6105
7/1/2010,3.7325
7/2/2010,3.725
7/6/2010,3.68
7/7/2010,3.7825
7/8/2010,3.855
7/9/2010,3.835
7/12/2010,3.7975
7/13/2010,3.7525
7/14/2010,3.8425
7/15/2010,3.925
7/16/2010,3.9475
7/19/2010,3.815
7/20/2010,3.74
7/21/2010,3.7975
7/22/2010,3.765
7/23/2010,3.7125
7/26/2010,3.64
7/27/2010,3.6275
7/28/2010,3.7625
7/29/2010,3.7925
7/30/2010,3.9275
8/2/2010,3.905
8/3/2010,3.895
8/4/2010,4.0025
8/5/2010,4.035
8/6/2010,4.05
8/9/2010,4.03
8/10/2010,3.935
8/11/2010,3.955
8/12/2010,4.0625
8/13/2010,4.1175
8/16/2010,4.0725
8/17/2010,4.1475
8/18/2010,4.185
8/19/2010,4.1425
8/20/2010,4.2125
8/23/2010,4.1725
8/24/2010,4.0525
8/25/2010,4.0475
8/26/2010,4.196
8/27/2010,4.27
8/30/2010,4.351
8/31/2010,4.363
9/1/2010,4.4675
9/2/2010,4.475
9/3/2010,4.645
9/7/2010,4.6625
9/8/2010,4.625
9/9/2010,4.7075
9/10/2010,4.7825
9/13/2010,4.835
9/14/2010,4.95
9/15/2010,4.9525
9/16/2010,4.96
9/17/2010,5.1325
9/20/2010,5.0825
9/21/2010,5.0525
9/22/2010,5.05
9/23/2010,4.9925
9/24/2010,5.2175
9/27/2010,5.1275
9/28/2010,5
9/29/2010,5.05
9/30/2010,4.9575
10/1/2010,4.6575
10/4/2010,4.715
10/5/2010,4.91
10/6/2010,4.885
10/7/2010,4.9825
10/8/2010,5.2825
10/11/2010,5.5575
10/12/2010,5.79
10/13/2010,5.6925
10/14/2010,5.6725
10/15/2010,5.63
10/18/2010,5.5725
10/19/2010,5.46
10/20/2010,5.735
10/21/2010,5.6425
10/22/2010,5.6
10/25/2010,5.6875
10/26/2010,5.71
10/27/2010,5.7725
10/28/2010,5.79
10/29/2010,5.82
11/1/2010,5.7725
11/2/2010,5.7575
11/3/2010,5.81
11/4/2010,5.9
11/5/2010,5.8775
11/8/2010,5.8525
11/9/2010,5.7625
11/10/2010,5.6675
11/11/2010,5.64
11/12/2010,5.34
11/15/2010,5.555
11/16/2010,5.265
11/17/2010,5.2575
11/18/2010,5.4175
11/19/2010,5.2075
11/22/2010,5.1525
11/23/2010,5.285
11/24/2010,5.4175
11/26/2010,5.4415
11/29/2010,5.4725
11/30/2010,5.412
12/1/2010,5.6625
12/2/2010,5.555
12/3/2010,5.735
12/6/2010,5.68
12/7/2010,5.6175
12/8/2010,5.745
12/9/2010,5.7425
12/10/2010,5.7425
12/13/2010,5.885
12/14/2010,5.8725
12/15/2010,5.8425
12/16/2010,5.875
12/17/2010,5.965
12/20/2010,5.995
12/21/2010,6.0225
12/22/2010,6.09
12/23/2010,6.14
12/27/2010,6.1525
12/28/2010,6.2325
12/29/2010,6.24
12/30/2010,6.16
12/31/2010,6.29
1/3/2011,6.205
1/4/2011,6.085
1/5/2011,6.1925
1/6/2011,6.02
1/7/2011,5.95
1/10/2011,6.07
1/11/2011,6.07
1/12/2011,6.31
1/13/2011,6.425
1/14/2011,6.4875
1/18/2011,6.595
1/19/2011,6.4125
1/20/2011,6.54
1/21/2011,6.5725
1/24/2011,6.5525
1/25/2011,6.44
1/26/2011,6.5775
1/27/2011,6.5075
1/28/2011,6.44
1/31/2011,6.595
2/1/2011,6.66
2/2/2011,6.6925
2/3/2011,6.625
2/4/2011,6.785
2/7/2011,6.7475
2/8/2011,6.7375
2/9/2011,6.98
2/10/2011,6.985
2/11/2011,7.065
2/14/2011,6.9575
2/15/2011,6.905
2/16/2011,6.905
2/17/2011,7.1275
2/18/2011,7.0975
2/22/2011,6.7975
2/23/2011,6.9365
2/24/2011,6.9005
2/25/2011,7.18
2/28/2011,7.293
3/1/2011,7.355
3/2/2011,7.215
3/3/2011,7.3675
3/4/2011,7.28
3/7/2011,7.175
3/8/2011,7.055
3/9/2011,7.01
3/10/2011,6.8275
3/11/2011,6.6425
3/14/2011,6.66
3/15/2011,6.36
3/16/2011,6.165
3/17/2011,6.465
3/18/2011,6.835
3/21/2011,6.865
3/22/2011,6.8675
3/23/2011,6.81
3/24/2011,7.025
3/25/2011,6.895
3/28/2011,6.71
3/29/2011,6.7175
3/30/2011,6.6325
3/31/2011,6.9325
4/1/2011,7.36
4/4/2011,7.6025
4/5/2011,7.6675
4/6/2011,7.63
4/7/2011,7.59
4/8/2011,7.68
4/11/2011,7.76
4/12/2011,7.525
4/13/2011,7.555
4/14/2011,7.5425
4/15/2011,7.42
4/18/2011,7.5175
4/19/2011,7.49
4/20/2011,7.3275
4/21/2011,7.3725
4/25/2011,7.625
4/26/2011,7.6755
4/27/2011,7.5505
4/28/2011,7.2675
4/29/2011,7.56
5/2/2011,7.345
5/3/2011,7.2375
5/4/2011,7.295
5/5/2011,7.0875
5/6/2011,6.8625
5/9/2011,7.075
5/10/2011,7.0725
5/11/2011,6.7725
5/12/2011,6.805
5/13/2011,6.82
5/16/2011,6.975
5/17/2011,7.2025
5/18/2011,7.4975
5/19/2011,7.4825
5/20/2011,7.595
5/23/2011,7.54
5/24/2011,7.3325
5/25/2011,7.4225
5/26/2011,7.455
5/27/2011,7.585
5/31/2011,7.475
6/1/2011,7.585
6/2/2011,7.665
6/3/2011,7.54
6/6/2011,7.32
6/7/2011,7.365
6/8/2011,7.64
6/9/2011,7.855
6/10/2011,7.87
6/13/2011,7.825
6/14/2011,7.555
6/15/2011,7.2575
6/16/2011,7.015
6/17/2011,7.0025
6/20/2011,7.005
6/21/2011,7.075
6/22/2011,6.775
6/23/2011,6.805
6/24/2011,6.7
6/27/2011,6.5745
6/28/2011,6.778
6/29/2011,6.86
6/30/2011,6.442
7/1/2011,6.0675
7/5/2011,6.255
7/6/2011,6.1875
7/7/2011,6.25
7/8/2011,6.4225
7/11/2011,6.43
7/12/2011,6.64
7/13/2011,6.8675
7/14/2011,6.9075
7/15/2011,7.0125
7/18/2011,6.9625
7/19/2011,6.98
7/20/2011,6.88
7/21/2011,6.7925
7/22/2011,6.9
7/25/2011,6.7875
7/26/2011,6.8975
7/27/2011,6.915
7/28/2011,6.8225
7/29/2011,6.655
8/1/2011,6.8125
8/2/2011,7.1125
8/3/2011,7.06
8/4/2011,6.9375
8/5/2011,6.93
8/8/2011,6.7525
8/9/2011,6.7825
8/10/2011,6.78
8/11/2011,7.025
8/12/2011,7.0175
8/15/2011,7.0725
8/16/2011,7.14
8/17/2011,7.115
8/18/2011,6.99
8/19/2011,7.11
8/22/2011,7.205
8/23/2011,7.3025
8/24/2011,7.3175
8/25/2011,7.3225
8/26/2011,7.554
8/29/2011,7.6175
8/30/2011,7.7055
8/31/2011,7.655
9/1/2011,7.385
9/2/2011,7.6
9/6/2011,7.5575
9/7/2011,7.48
9/8/2011,7.34
9/9/2011,7.365
9/12/2011,7.455
9/13/2011,7.23
9/14/2011,7.2425
9/15/2011,7.01
9/16/2011,6.92
9/19/2011,6.9225
9/20/2011,6.9025
9/21/2011,6.8575
9/22/2011,6.5
9/23/2011,6.385
9/26/2011,6.48
9/27/2011,6.5225
9/28/2011,6.3075
9/29/2011,6.325
9/30/2011,5.925
10/3/2011,5.925
10/4/2011,5.8775
10/5/2011,6.055
10/6/2011,6.055
10/7/2011,6
10/10/2011,6.05
10/11/2011,6.45
10/12/2011,6.4075
10/13/2011,6.3825
10/14/2011,6.4
10/17/2011,6.405
10/18/2011,6.44
10/19/2011,6.385
10/20/2011,6.495
10/21/2011,6.4925
10/24/2011,6.51
10/25/2011,6.5075
10/26/2011,6.3725
10/27/2011,6.515
10/28/2011,6.55
10/31/2011,6.47
11/1/2011,6.5425
11/2/2011,6.45
11/3/2011,6.535
11/4/2011,6.5575
11/7/2011,6.5325
11/8/2011,6.605
11/9/2011,6.56
11/10/2011,6.455
11/11/2011,6.385
11/14/2011,6.335
11/15/2011,6.455
11/16/2011,6.4275
11/17/2011,6.145
11/18/2011,6.1025
11/21/2011,5.9775
11/22/2011,5.99
11/23/2011,5.8875
11/25/2011,5.84
11/28/2011,5.9445
11/29/2011,6.025
11/30/2011,6.0665
12/1/2011,6.015
12/2/2011,5.9525
12/5/2011,5.91
12/6/2011,5.965
12/7/2011,5.9275
12/8/2011,6.0025
12/9/2011,5.9425
12/12/2011,5.94
12/13/2011,5.945
12/14/2011,5.8075
12/15/2011,5.79
12/16/2011,5.83
12/19/2011,6.01
12/20/2011,6.07
12/21/2011,6.165
12/22/2011,6.175
12/23/2011,6.195
12/27/2011,6.3325
12/28/2011,6.425
12/29/2011,6.38
12/30/2011,6.465
1/3/2012,6.585
1/4/2012,6.585
1/5/2012,6.435
1/6/2012,6.435
1/9/2012,6.52
1/10/2012,6.52
1/11/2012,6.515
1/12/2012,6.115
1/13/2012,5.995
1/17/2012,6.04
1/18/2012,5.935
1/19/2012,6.06
1/20/2012,6.115
1/23/2012,6.2
1/24/2012,6.3025
1/25/2012,6.345
1/26/2012,6.345
1/27/2012,6.4175
1/30/2012,6.3175
1/31/2012,6.39
2/1/2012,6.42
2/2/2012,6.43
2/3/2012,6.445
2/6/2012,6.4425
2/7/2012,6.4225
2/8/2012,6.425
2/9/2012,6.37
2/10/2012,6.3175
2/13/2012,6.395
2/14/2012,6.335
2/15/2012,6.27
2/16/2012,6.3625
2/17/2012,6.4175
2/21/2012,6.295
2/22/2012,6.3825
2/23/2012,6.395
2/24/2012,6.414
2/27/2012,6.461
2/28/2012,6.5575
2/29/2012,6.577
3/1/2012,6.54
3/2/2012,6.55
3/5/2012,6.6075
3/6/2012,6.54
3/7/2012,6.3875
3/8/2012,6.355
3/9/2012,6.45
3/12/2012,6.595
3/13/2012,6.62
3/14/2012,6.5875
3/15/2012,6.69
3/16/2012,6.73
3/19/2012,6.635
3/20/2012,6.475
3/21/2012,6.42
3/22/2012,6.445
3/23/2012,6.465
3/26/2012,6.3775
3/27/2012,6.3075
3/28/2012,6.2025
3/29/2012,6.04
3/30/2012,6.44
4/2/2012,6.55
4/3/2012,6.5825
4/4/2012,6.5675
4/5/2012,6.5825
4/9/2012,6.49
4/10/2012,6.3475
4/11/2012,6.36
4/12/2012,6.375
4/13/2012,6.2925
4/16/2012,6.2325
4/17/2012,6.1675
4/18/2012,6.0175
4/19/2012,6.21
4/20/2012,6.125
4/23/2012,6.225
4/24/2012,6.1825
4/25/2012,6.09
4/26/2012,6.174
4/27/2012,6.365
4/30/2012,6.3945
5/1/2012,6.29
5/2/2012,6.115
5/3/2012,6.145
5/4/2012,6.2025
5/7/2012,6.2
5/8/2012,6.23
5/9/2012,6.0725
5/10/2012,5.875
5/11/2012,5.81
5/14/2012,5.83
5/15/2012,5.9725
5/16/2012,6.2
5/17/2012,6.25
5/18/2012,6.355
5/21/2012,6.33
5/22/2012,5.97
5/23/2012,6.035
5/24/2012,5.785
5/25/2012,5.785
5/29/2012,5.625
5/30/2012,5.595
5/31/2012,5.5525
6/1/2012,5.515
6/4/2012,5.68
6/5/2012,5.675
6/6/2012,5.8625
6/7/2012,5.94
6/8/2012,5.98
6/11/2012,5.92
6/12/2012,5.84
6/13/2012,5.925
6/14/2012,6.015
6/15/2012,5.795
6/18/2012,5.995
6/19/2012,6.125
6/20/2012,6.1175
6/21/2012,5.865
6/22/2012,5.91
6/25/2012,6.31
6/26/2012,6.407
6/27/2012,6.407
6/28/2012,6.3655
6/29/2012,6.373
7/2/2012,6.5225
7/3/2012,6.74
7/5/2012,7.0875
7/6/2012,6.9525
7/9/2012,7.32
7/10/2012,7.185
7/11/2012,7.04
7/12/2012,7.3125
7/13/2012,7.405
7/16/2012,7.7675
7/17/2012,7.795
7/18/2012,7.95
7/19/2012,8.0775
7/20/2012,8.245
7/23/2012,8.14
7/24/2012,7.9
7/25/2012,7.945
7/26/2012,7.8125
7/27/2012,7.985
7/30/2012,8.2
7/31/2012,8.065
8/1/2012,8.005
8/2/2012,7.94
8/3/2012,8.1
8/6/2012,8.03
8/7/2012,7.96
8/8/2012,8.1075
8/9/2012,8.1825
8/10/2012,8
8/13/2012,7.8275
8/14/2012,7.7975
8/15/2012,7.94
8/16/2012,7.9775
8/17/2012,7.985
8/20/2012,8.1525
8/21/2012,8.3125
8/22/2012,8.3025
8/23/2012,8.0875
8/24/2012,8.0225
8/27/2012,7.945
8/28/2012,7.907
8/29/2012,8.1155
8/30/2012,8.097
8/31/2012,8.0035
9/4/2012,8.05
9/5/2012,7.9075
9/6/2012,7.985
9/7/2012,7.995
9/10/2012,7.8325
9/11/2012,7.7775
9/12/2012,7.695
9/13/2012,7.7375
9/14/2012,7.82
9/17/2012,7.48
9/18/2012,7.4
9/19/2012,7.565
9/20/2012,7.46
9/21/2012,7.4825
9/24/2012,7.4475
9/25/2012,7.4375
9/26/2012,7.2475
9/27/2012,7.1625
9/28/2012,7.5625
10/1/2012,7.5675
10/2/2012,7.5825
10/3/2012,7.5675
10/4/2012,7.57
10/5/2012,7.48
10/8/2012,7.42
10/9/2012,7.42
10/10/2012,7.3675
10/11/2012,7.7325
10/12/2012,7.5275
10/15/2012,7.3725
10/16/2012,7.3825
10/17/2012,7.455
10/18/2012,7.6075
10/19/2012,7.615
10/22/2012,7.6125
10/23/2012,7.56
10/24/2012,7.545
10/25/2012,7.42
10/26/2012,7.3775
10/29/2012,7.37
10/30/2012,7.4175
10/31/2012,7.5575
11/1/2012,7.51
11/2/2012,7.395
11/5/2012,7.355
11/6/2012,7.41
11/7/2012,7.4425
11/8/2012,7.4125
11/9/2012,7.3875
11/12/2012,7.18
11/13/2012,7.235
11/14/2012,7.2575
11/15/2012,7.2125
11/16/2012,7.27
11/19/2012,7.3875
11/20/2012,7.4325
11/21/2012,7.41
11/23/2012,7.455
11/26/2012,7.4725
11/27/2012,7.608
11/28/2012,7.6175
11/29/2012,7.5585
11/30/2012,7.518
12/3/2012,7.5475
12/4/2012,7.52
12/5/2012,7.5775
12/6/2012,7.515
12/7/2012,7.3725
12/10/2012,7.3
12/11/2012,7.28
12/12/2012,7.255
12/13/2012,7.2025
12/14/2012,7.3075
12/17/2012,7.24
12/18/2012,7.2
12/19/2012,7.03
12/20/2012,6.965
12/21/2012,7.02
12/24/2012,7.0425
12/26/2012,6.9325
12/27/2012,6.915
12/28/2012,6.94
12/31/2012,6.9825
1/2/2013,6.9075
1/3/2013,6.8925
1/4/2013,6.8025
1/7/2013,6.855
1/8/2013,6.8875
1/9/2013,6.9425
1/10/2013,6.9875
1/11/2013,7.0875
1/14/2013,7.24
1/15/2013,7.305
1/16/2013,7.3125
1/17/2013,7.245
1/18/2013,7.275
1/22/2013,7.285
1/23/2013,7.2075
1/24/2013,7.2425
1/25/2013,7.2075
1/28/2013,7.2925
1/29/2013,7.295
1/30/2013,7.4025
1/31/2013,7.405
2/1/2013,7.36
2/4/2013,7.3425
2/5/2013,7.29
2/6/2013,7.225
2/7/2013,7.1075
2/8/2013,7.09
2/11/2013,7.0225
2/12/2013,6.9625
2/13/2013,6.955
2/14/2013,6.9475
2/15/2013,6.9875
2/19/2013,6.9525
2/20/2013,7.005
2/21/2013,6.9075
2/22/2013,6.9025
2/25/2013,6.919
2/26/2013,7.009
2/27/2013,7.0095
2/28/2013,7.067
3/1/2013,7.085
3/4/2013,7.0325
3/5/2013,7.09
3/6/2013,6.885
3/7/2013,6.9125
3/8/2013,7.035
3/11/2013,7.1125
3/12/2013,7.1425
3/13/2013,7.1025
3/14/2013,7.165
3/15/2013,7.17
3/18/2013,7.2
3/19/2013,7.285
3/20/2013,7.325
3/21/2013,7.33
3/22/2013,7.2625
3/25/2013,7.3325
3/26/2013,7.3025
3/27/2013,7.3525
3/28/2013,6.9525
4/1/2013,6.4225
4/2/2013,6.405
4/3/2013,6.415
4/4/2013,6.3
4/5/2013,6.29
4/8/2013,6.335
4/9/2013,6.4425
4/10/2013,6.49
4/11/2013,6.5125
4/12/2013,6.585
4/15/2013,6.4675
4/16/2013,6.6325
4/17/2013,6.605
4/18/2013,6.445
4/19/2013,6.52
4/22/2013,6.4575
4/23/2013,6.385
4/24/2013,6.395
4/25/2013,6.411
4/26/2013,6.343
4/29/2013,6.6945
4/30/2013,6.5665
5/1/2013,6.4675
5/2/2013,6.62
5/3/2013,6.6125
5/6/2013,6.365
5/7/2013,6.4
5/8/2013,6.33
5/9/2013,6.4875
5/10/2013,6.3625
5/13/2013,6.555
5/14/2013,6.525
5/15/2013,6.5075
5/16/2013,6.415
5/17/2013,6.5275
5/20/2013,6.495
5/21/2013,6.4
5/22/2013,6.585
5/23/2013,6.62
5/24/2013,6.5725
5/28/2013,6.665
5/29/2013,6.65
5/30/2013,6.5425
5/31/2013,6.62
6/3/2013,6.5575
6/4/2013,6.605
6/5/2013,6.6075
6/6/2013,6.6325
6/7/2013,6.6625
6/10/2013,6.5
6/11/2013,6.595
6/12/2013,6.5075
6/13/2013,6.435
6/14/2013,6.55
6/17/2013,6.685
6/18/2013,6.7325
6/19/2013,6.8225
6/20/2013,6.7325
6/21/2013,6.6175
6/24/2013,6.5325
6/25/2013,6.407
6/26/2013,6.283
6/27/2013,6.1025
6/28/2013,5.7365
7/1/2013,5.315
7/2/2013,5.33
7/3/2013,5.3225
7/5/2013,5.2575
7/8/2013,5.3325
7/9/2013,5.5175
7/10/2013,5.5375
7/11/2013,5.6075
7/12/2013,5.455
7/15/2013,5.3625
7/16/2013,5.4525
7/17/2013,5.385
7/18/2013,5.41
7/19/2013,5.44
7/22/2013,5.4075
7/23/2013,5.225
7/24/2013,5.0825
7/25/2013,4.96
7/26/2013,4.92
7/29/2013,4.8925
7/30/2013,4.955
7/31/2013,4.99
8/1/2013,4.875
8/2/2013,4.76
8/5/2013,4.6925
8/6/2013,4.7225
8/7/2013,4.6825
8/8/2013,4.735
8/9/2013,4.6575
8/12/2013,4.72
8/13/2013,4.5525
8/14/2013,4.6475
8/15/2013,4.815
8/16/2013,4.7375
8/19/2013,4.9325
8/20/2013,4.8375
8/21/2013,4.98
8/22/2013,4.875
8/23/2013,4.955
8/26/2013,5.1575
8/27/2013,4.9705
8/28/2013,4.9485
8/29/2013,4.878
8/30/2013,4.846
9/3/2013,4.7525
9/4/2013,4.695
9/5/2013,4.61
9/6/2013,4.6825
9/9/2013,4.635
9/10/2013,4.69
9/11/2013,4.725
9/12/2013,4.6625
9/13/2013,4.59
9/16/2013,4.565
9/17/2013,4.54
9/18/2013,4.5625
9/19/2013,4.595
9/20/2013,4.51
9/23/2013,4.5325
9/24/2013,4.4875
9/25/2013,4.5475
9/26/2013,4.5675
9/27/2013,4.54
9/30/2013,4.415
10/1/2013,4.39
10/2/2013,4.39
10/3/2013,4.3925
10/4/2013,4.4325
10/7/2013,4.4925
10/8/2013,4.4175
10/9/2013,4.435
10/10/2013,4.3825
10/11/2013,4.3325
10/14/2013,4.37
10/15/2013,4.435
10/16/2013,4.4275
10/17/2013,4.43
10/18/2013,4.415
10/21/2013,4.44
10/22/2013,4.3825
10/23/2013,4.4275
10/24/2013,4.4025
10/25/2013,4.4
10/28/2013,4.3075
10/29/2013,4.32
10/30/2013,4.3025
10/31/2013,4.2825
11/1/2013,4.2725
11/4/2013,4.2625
11/5/2013,4.25
11/6/2013,4.2125
11/7/2013,4.205
11/8/2013,4.2675
11/11/2013,4.3475
11/12/2013,4.3225
11/13/2013,4.2975
11/14/2013,4.265
11/15/2013,4.22
11/18/2013,4.12
11/19/2013,4.1775
11/20/2013,4.17
11/21/2013,4.23
11/22/2013,4.2225
11/25/2013,4.2605
11/26/2013,4.21
11/27/2013,4.228
11/29/2013,4.2265
12/2/2013,4.245
12/3/2013,4.3125
12/4/2013,4.365
12/5/2013,4.335
12/6/2013,4.3425
12/9/2013,4.38
12/10/2013,4.36
12/11/2013,4.3925
12/12/2013,4.3425
12/13/2013,4.255
12/16/2013,4.2325
12/17/2013,4.2675
12/18/2013,4.25
12/19/2013,4.305
12/20/2013,4.3325
12/23/2013,4.3425
12/24/2013,4.345
12/26/2013,4.2625
12/27/2013,4.275
12/30/2013,4.235
12/31/2013,4.22
1/2/2014,4.205
1/3/2014,4.235
1/6/2014,4.2775
1/7/2014,4.26
1/8/2014,4.17
1/9/2014,4.12
1/10/2014,4.3275
1/13/2014,4.345
1/14/2014,4.315
1/15/2014,4.2575
1/16/2014,4.28
1/17/2014,4.24
1/21/2014,4.25
1/22/2014,4.2625
1/23/2014,4.29
1/24/2014,4.295
1/27/2014,4.3175
1/28/2014,4.32
1/29/2014,4.275
1/30/2014,4.335
1/31/2014,4.34
2/3/2014,4.3575
2/4/2014,4.4175
2/5/2014,4.4325
2/6/2014,4.43
2/7/2014,4.4425
2/10/2014,4.43
2/11/2014,4.415
2/12/2014,4.4
2/13/2014,4.405
2/14/2014,4.4525
2/18/2014,4.495
2/19/2014,4.5375
2/20/2014,4.5575
2/21/2014,4.53
2/24/2014,4.515
2/25/2014,4.5685
2/26/2014,4.577
2/27/2014,4.519
2/28/2014,4.623
3/3/2014,4.705
3/4/2014,4.8425
3/5/2014,4.82
3/6/2014,4.91
3/7/2014,4.89
3/10/2014,4.7825
3/11/2014,4.8325
3/12/2014,4.885
3/13/2014,4.85
3/14/2014,4.86
3/17/2014,4.79
3/18/2014,4.8625
3/19/2014,4.8775
3/20/2014,4.785
3/21/2014,4.79
3/24/2014,4.9
3/25/2014,4.865
3/26/2014,4.845
3/27/2014,4.92
3/28/2014,4.92
3/31/2014,5.02
4/1/2014,5.075
4/2/2014,4.9575
4/3/2014,5
4/4/2014,5.0175
4/7/2014,4.9925
4/8/2014,5.07
4/9/2014,5.0225
4/10/2014,5.0125
4/11/2014,4.985
4/14/2014,5.03
4/15/2014,5.0375
4/16/2014,4.975
4/17/2014,4.9475
4/21/2014,4.885
4/22/2014,4.9625
4/23/2014,5.035
4/24/2014,5.0125
4/25/2014,5.0815
4/28/2014,5.1015
4/29/2014,5.192
4/30/2014,5.18
5/1/2014,5.07
5/2/2014,4.995
5/5/2014,5.08
5/6/2014,5.175
5/7/2014,5.14
5/8/2014,5.165
5/9/2014,5.075
5/12/2014,4.995
5/13/2014,5.0275
5/14/2014,4.955
5/15/2014,4.8425
5/16/2014,4.835
5/19/2014,4.7725
5/20/2014,4.735
5/21/2014,4.745
5/22/2014,4.7675
5/23/2014,4.78
5/27/2014,4.6975
5/28/2014,4.725
5/29/2014,4.695
5/30/2014,4.6575
6/2/2014,4.655
6/3/2014,4.5825
6/4/2014,4.5625
6/5/2014,4.49
6/6/2014,4.59
6/9/2014,4.51
6/10/2014,4.455
6/11/2014,4.41
6/12/2014,4.44
6/13/2014,4.47
6/16/2014,4.41
6/17/2014,4.3875
6/18/2014,4.415
6/19/2014,4.505
6/20/2014,4.5325
6/23/2014,4.445
6/24/2014,4.43
6/25/2014,4.3995
6/26/2014,4.4125
6/27/2014,4.4255
6/30/2014,4.1985
7/1/2014,4.16
7/2/2014,4.1225
7/3/2014,4.095
7/7/2014,4.005
7/8/2014,3.9825
7/9/2014,3.9125
7/10/2014,3.8625
7/11/2014,3.7825
7/14/2014,3.815
7/15/2014,3.74
7/16/2014,3.7825
7/17/2014,3.795
7/18/2014,3.7125
7/21/2014,3.64
7/22/2014,3.6025
7/23/2014,3.625
7/24/2014,3.615
7/25/2014,3.63
7/28/2014,3.6775
7/29/2014,3.615
7/30/2014,3.6175
7/31/2014,3.57
8/1/2014,3.525
8/4/2014,3.5875
8/5/2014,3.5625
8/6/2014,3.6325
8/7/2014,3.595
8/8/2014,3.5175
8/11/2014,3.5675
8/12/2014,3.585
8/13/2014,3.58
8/14/2014,3.62
8/15/2014,3.6575
8/18/2014,3.6075
8/19/2014,3.625
8/20/2014,3.595
8/21/2014,3.6225
8/22/2014,3.655
8/25/2014,3.6
8/26/2014,3.578
8/27/2014,3.596
8/28/2014,3.6625
8/29/2014,3.636
9/2/2014,3.6375
9/3/2014,3.52
9/4/2014,3.465
9/5/2014,3.56
9/8/2014,3.4825
9/9/2014,3.4425
9/10/2014,3.4575
9/11/2014,3.41
9/12/2014,3.385
9/15/2014,3.43
9/16/2014,3.4375
9/17/2014,3.4175
9/18/2014,3.3825
9/19/2014,3.315
9/22/2014,3.3025
9/23/2014,3.255
9/24/2014,3.295
9/25/2014,3.26
9/26/2014,3.23
9/29/2014,3.2575
9/30/2014,3.2075
10/1/2014,3.2125
10/2/2014,3.2275
10/3/2014,3.2325
10/6/2014,3.325
10/7/2014,3.405
10/8/2014,3.4325
10/9/2014,3.4475
10/10/2014,3.34
10/13/2014,3.46
10/14/2014,3.57
10/15/2014,3.475
10/16/2014,3.5225
10/17/2014,3.48
10/20/2014,3.4825
10/21/2014,3.56
10/22/2014,3.53
10/23/2014,3.5975
10/24/2014,3.53
10/27/2014,3.63
10/28/2014,3.645
10/29/2014,3.7525
10/30/2014,3.74
10/31/2014,3.7675
11/3/2014,3.735
11/4/2014,3.645
11/5/2014,3.7025
11/6/2014,3.7125
11/7/2014,3.675
11/10/2014,3.6925
11/11/2014,3.7375
11/12/2014,3.7775
11/13/2014,3.8625
11/14/2014,3.8175
11/17/2014,3.775
11/18/2014,3.72
11/19/2014,3.6325
11/20/2014,3.7325
11/21/2014,3.7275
11/24/2014,3.7005
11/25/2014,3.7945
11/26/2014,3.862
11/28/2014,3.8615
12/1/2014,3.8975
12/2/2014,3.8125
12/3/2014,3.82
12/4/2014,3.8975
12/5/2014,3.95
12/8/2014,3.9025
12/9/2014,3.9525
12/10/2014,3.9375
12/11/2014,3.985
12/12/2014,4.075
12/15/2014,4.085
12/16/2014,4.06
12/17/2014,4.0825
12/18/2014,4.11
12/19/2014,4.105
12/22/2014,4.1175
12/23/2014,4.14
12/24/2014,4.0775
12/26/2014,4.1475
12/29/2014,4.1275
12/30/2014,4.065
12/31/2014,3.97
1/2/2015,3.9575
1/5/2015,4.06
1/6/2015,4.05
1/7/2015,3.9625
1/8/2015,3.9425
1/9/2015,4.0025
1/12/2015,4.02
1/13/2015,3.8575
1/14/2015,3.81
1/15/2015,3.8
1/16/2015,3.87
1/20/2015,3.9025
1/21/2015,3.88
1/22/2015,3.8375
1/23/2015,3.8675
1/26/2015,3.84
1/27/2015,3.8125
1/28/2015,3.7325
1/29/2015,3.715
1/30/2015,3.7
2/2/2015,3.6975
2/3/2015,3.8575
2/4/2015,3.835
2/5/2015,3.8525
2/6/2015,3.8575
2/9/2015,3.9125
2/10/2015,3.88
2/11/2015,3.8575
2/12/2015,3.83
2/13/2015,3.8725
2/17/2015,3.895
2/18/2015,3.8375
2/19/2015,3.8975
2/20/2015,3.8525
2/23/2015,3.7875
2/24/2015,3.791
2/25/2015,3.7895
2/26/2015,3.851
2/27/2015,3.915
3/2/2015,3.88
3/3/2015,3.91
3/4/2015,3.895
3/5/2015,3.905
3/6/2015,3.86
3/9/2015,3.8875
3/10/2015,3.88
3/11/2015,3.91
3/12/2015,3.885
3/13/2015,3.805
3/16/2015,3.79
3/17/2015,3.71
3/18/2015,3.7475
3/19/2015,3.735
3/20/2015,3.85
3/23/2015,3.9025
3/24/2015,3.9325
3/25/2015,3.95
3/26/2015,3.9125
3/27/2015,3.91
3/30/2015,3.945
3/31/2015,3.7625
4/1/2015,3.8175
4/2/2015,3.865
4/6/2015,3.85
4/7/2015,3.83
4/8/2015,3.7925
4/9/2015,3.78
4/10/2015,3.77
4/13/2015,3.705
4/14/2015,3.735
4/15/2015,3.76
4/16/2015,3.7625
4/17/2015,3.7975
4/20/2015,3.78
4/21/2015,3.73
4/22/2015,3.725
4/23/2015,3.7075
4/24/2015,3.645
4/27/2015,3.6155
4/28/2015,3.624
4/29/2015,3.6615
4/30/2015,3.655
5/1/2015,3.63
5/4/2015,3.6125
5/5/2015,3.6275
5/6/2015,3.6675
5/7/2015,3.615
5/8/2015,3.63
5/11/2015,3.605
5/12/2015,3.61
5/13/2015,3.6225
5/14/2015,3.68
5/15/2015,3.655
5/18/2015,3.68
5/19/2015,3.62
5/20/2015,3.6
5/21/2015,3.65
5/22/2015,3.6
5/26/2015,3.55
5/27/2015,3.495
5/28/2015,3.535
5/29/2015,3.515
6/1/2015,3.5225
6/2/2015,3.59
6/3/2015,3.59
6/4/2015,3.635
6/5/2015,3.605
6/8/2015,3.6525
6/9/2015,3.65
6/10/2015,3.5725
6/11/2015,3.565
6/12/2015,3.53
6/15/2015,3.4825
6/16/2015,3.54
6/17/2015,3.5925
6/18/2015,3.58
6/19/2015,3.5325
6/22/2015,3.6
6/23/2015,3.675
6/24/2015,3.665
6/25/2015,3.7775
6/26/2015,3.88
6/29/2015,3.885
6/30/2015,4.204
7/1/2015,4.225
7/2/2015,4.285
7/6/2015,4.265
7/7/2015,4.2325
7/8/2015,4.245
7/9/2015,4.2875
7/10/2015,4.3475
7/13/2015,4.4075
7/14/2015,4.2825
7/15/2015,4.295
7/16/2015,4.3
7/17/2015,4.2025
7/20/2015,4.05
7/21/2015,4.065
7/22/2015,4.0275
7/23/2015,4.0325
7/24/2015,3.925
7/27/2015,3.73
7/28/2015,3.75
7/29/2015,3.6775
7/30/2015,3.7325
7/31/2015,3.71
8/3/2015,3.665
8/4/2015,3.6875
8/5/2015,3.7275
8/6/2015,3.6975
8/7/2015,3.7275
8/10/2015,3.9025
8/11/2015,3.765
8/12/2015,3.5725
8/13/2015,3.6375
8/14/2015,3.64
8/17/2015,3.6325
8/18/2015,3.6625
8/19/2015,3.6725
8/20/2015,3.71
8/21/2015,3.6525
8/24/2015,3.6875
8/25/2015,3.655
8/26/2015,3.6405
8/27/2015,3.6825
8/28/2015,3.703
8/31/2015,3.7295
9/1/2015,3.69
9/2/2015,3.675
9/3/2015,3.615
9/4/2015,3.63
9/8/2015,3.6825
9/9/2015,3.69
9/10/2015,3.7425
9/11/2015,3.87
9/14/2015,3.935
9/15/2015,3.905
9/16/2015,3.86
9/17/2015,3.7975
9/18/2015,3.7725
9/21/2015,3.845
9/22/2015,3.805
9/23/2015,3.8325
9/24/2015,3.815
9/25/2015,3.89
9/28/2015,3.8675
9/29/2015,3.89
9/30/2015,3.8775
10/1/2015,3.8875
10/2/2015,3.8925
10/5/2015,3.935
10/6/2015,3.9825
10/7/2015,3.9575
10/8/2015,3.9125
10/9/2015,3.8275
10/12/2015,3.8075
10/13/2015,3.845
10/14/2015,3.79
10/15/2015,3.755
10/16/2015,3.7675
10/19/2015,3.73
10/20/2015,3.7675
10/21/2015,3.8075
10/22/2015,3.7825
10/23/2015,3.7975
10/26/2015,3.845
10/27/2015,3.8
10/28/2015,3.76
10/29/2015,3.8
10/30/2015,3.8225
11/2/2015,3.765
11/3/2015,3.805
11/4/2015,3.805
11/5/2015,3.745
11/6/2015,3.73
11/9/2015,3.6675
11/10/2015,3.59
11/11/2015,3.6225
11/12/2015,3.62
11/13/2015,3.5825
11/16/2015,3.6
11/17/2015,3.62
11/18/2015,3.6175
11/19/2015,3.6425
11/20/2015,3.6325
11/23/2015,3.6725
11/24/2015,3.653
11/25/2015,3.687
11/27/2015,3.6405
11/30/2015,3.708
12/1/2015,3.7375
12/2/2015,3.7025
12/3/2015,3.77
12/4/2015,3.815
12/7/2015,3.73
12/8/2015,3.735
12/9/2015,3.7375
12/10/2015,3.7925
12/11/2015,3.7525
12/14/2015,3.79
12/15/2015,3.7725
12/16/2015,3.6975
12/17/2015,3.7425
12/18/2015,3.745
12/21/2015,3.72
12/22/2015,3.6625
12/23/2015,3.655
12/24/2015,3.645
12/28/2015,3.61
12/29/2015,3.625
12/30/2015,3.59
12/31/2015,3.5875
1/4/2016,3.515
1/5/2016,3.53
1/6/2016,3.5325
1/7/2016,3.53
1/8/2016,3.57
1/11/2016,3.5175
1/12/2016,3.5675
1/13/2016,3.58
1/14/2016,3.58
1/15/2016,3.6325
1/19/2016,3.6775
1/20/2016,3.6875
1/21/2016,3.67
1/22/2016,3.7025
1/25/2016,3.6975
1/26/2016,3.6925
1/27/2016,3.6925
1/28/2016,3.655
1/29/2016,3.72
2/1/2016,3.7125
2/2/2016,3.725
2/3/2016,3.71
2/4/2016,3.685
2/5/2016,3.6575
2/8/2016,3.6225
2/9/2016,3.61
2/10/2016,3.6025
2/11/2016,3.6025
2/12/2016,3.5875
2/16/2016,3.63
2/17/2016,3.6725
2/18/2016,3.655
2/19/2016,3.655
2/22/2016,3.675
2/23/2016,3.62
2/24/2016,3.607
2/25/2016,3.575
2/26/2016,3.575
2/29/2016,3.563
3/1/2016,3.5575
3/2/2016,3.5625
3/3/2016,3.565
3/4/2016,3.5825
3/7/2016,3.59
3/8/2016,3.605
3/9/2016,3.595
3/10/2016,3.6275
3/11/2016,3.65
3/14/2016,3.6875
3/15/2016,3.685
3/16/2016,3.6825
3/17/2016,3.685
3/18/2016,3.67
3/21/2016,3.695
3/22/2016,3.7
3/23/2016,3.685
3/24/2016,3.7
3/28/2016,3.705
3/29/2016,3.73
3/30/2016,3.67
3/31/2016,3.515
4/1/2016,3.54
4/4/2016,3.545
4/5/2016,3.5675
4/6/2016,3.58
4/7/2016,3.615
4/8/2016,3.6225
4/11/2016,3.5675
4/12/2016,3.6275
4/13/2016,3.735
4/14/2016,3.74
4/15/2016,3.785
4/18/2016,3.81
4/19/2016,3.845
4/20/2016,3.9475
4/21/2016,3.845
4/22/2016,3.7175
4/25/2016,3.77
4/26/2016,3.8325
4/27/2016,3.8235
4/28/2016,3.8955
4/29/2016,3.9145
5/2/2016,3.9175
5/3/2016,3.7975
5/4/2016,3.7675
5/5/2016,3.7375
5/6/2016,3.775
5/9/2016,3.69
5/10/2016,3.81
5/11/2016,3.775
5/12/2016,3.89
5/13/2016,3.9075
5/16/2016,3.94
5/17/2016,3.97
5/18/2016,3.995
5/19/2016,3.9
5/20/2016,3.945
5/23/2016,3.9775
5/24/2016,3.975
5/25/2016,4.0475
5/26/2016,4.0825
5/27/2016,4.1275
5/31/2016,4.0475
6/1/2016,4.1375
6/2/2016,4.1525
6/3/2016,4.1825
6/6/2016,4.2725
6/7/2016,4.2775
6/8/2016,4.3125
6/9/2016,4.265
6/10/2016,4.23
6/13/2016,4.3
6/14/2016,4.365
6/15/2016,4.29
6/16/2016,4.2525
6/17/2016,4.3775
6/20/2016,4.2125
6/21/2016,3.9625
6/22/2016,3.93
6/23/2016,3.8725
6/24/2016,3.845
6/27/2016,3.8605
6/28/2016,3.8665
6/29/2016,3.7575
6/30/2016,3.6415
7/1/2016,3.6
7/5/2016,3.5075
7/6/2016,3.415
7/7/2016,3.4175
7/8/2016,3.55
7/11/2016,3.4825
7/12/2016,3.5225
7/13/2016,3.62
7/14/2016,3.5775
7/15/2016,3.5225
7/18/2016,3.57
7/19/2016,3.4175
7/20/2016,3.375
7/21/2016,3.3425
7/22/2016,3.35
7/25/2016,3.3475
7/26/2016,3.325
7/27/2016,3.3575
7/28/2016,3.3125
7/29/2016,3.345
8/1/2016,3.2575
8/2/2016,3.2425
8/3/2016,3.25
8/4/2016,3.2075
8/5/2016,3.2425
8/8/2016,3.2525
8/9/2016,3.2225
8/10/2016,3.225
8/11/2016,3.21
8/12/2016,3.2225
8/15/2016,3.265
8/16/2016,3.275
8/17/2016,3.3025
8/18/2016,3.32
8/19/2016,3.3425
8/22/2016,3.3325
8/23/2016,3.285
8/24/2016,3.275
8/25/2016,3.235
8/26/2016,3.18
8/29/2016,3.1535
8/30/2016,3.1105
8/31/2016,3.127
9/1/2016,3.2375
9/2/2016,3.285
9/6/2016,3.285
9/7/2016,3.3325
9/8/2016,3.385
9/9/2016,3.41
9/12/2016,3.395
9/13/2016,3.3
9/14/2016,3.3175
9/15/2016,3.3
9/16/2016,3.37
9/19/2016,3.3725
9/20/2016,3.405
9/21/2016,3.4
9/22/2016,3.3675
9/23/2016,3.365
9/26/2016,3.29
9/27/2016,3.3175
9/28/2016,3.2925
9/29/2016,3.2925
9/30/2016,3.3675
10/3/2016,3.46
10/4/2016,3.4825
10/5/2016,3.4775
10/6/2016,3.405
10/7/2016,3.3975
10/10/2016,3.4325
10/11/2016,3.455
10/12/2016,3.37
10/13/2016,3.495
10/14/2016,3.5425
10/17/2016,3.54
10/18/2016,3.5375
10/19/2016,3.575
10/20/2016,3.51
10/21/2016,3.525
10/24/2016,3.4825
10/25/2016,3.4925
10/26/2016,3.54
10/27/2016,3.575
10/28/2016,3.55
10/31/2016,3.5475
11/1/2016,3.49
11/2/2016,3.4625
11/3/2016,3.48
11/4/2016,3.4875
11/7/2016,3.4625
11/8/2016,3.5425
11/9/2016,3.4075
11/10/2016,3.435
11/11/2016,3.4025
11/14/2016,3.3725
11/15/2016,3.415
11/16/2016,3.385
11/17/2016,3.42
11/18/2016,3.455
11/21/2016,3.4975
11/22/2016,3.51
11/23/2016,3.5075
11/25/2016,3.5105
11/28/2016,3.524
11/29/2016,3.441
11/30/2016,3.4615
12/1/2016,3.425
12/2/2016,3.4725
12/5/2016,3.5925
12/6/2016,3.605
12/7/2016,3.58
12/8/2016,3.535
12/9/2016,3.595
12/12/2016,3.605
12/13/2016,3.61
12/14/2016,3.62
12/15/2016,3.565
12/16/2016,3.5625
12/19/2016,3.5325
12/20/2016,3.5025
12/21/2016,3.4725
12/22/2016,3.4725
12/23/2016,3.4575
12/27/2016,3.55
12/28/2016,3.4825
12/29/2016,3.4975
12/30/2016,3.52
1/3/2017,3.5575
1/4/2017,3.5975
1/5/2017,3.6125
1/6/2017,3.58
1/9/2017,3.6
1/10/2017,3.5825
1/11/2017,3.5725
1/12/2017,3.5825
1/13/2017,3.585
1/17/2017,3.655
1/18/2017,3.65
1/19/2017,3.6625
1/20/2017,3.6975
1/23/2017,3.695
1/24/2017,3.6325
1/25/2017,3.6625
1/26/2017,3.6375
1/27/2017,3.625
1/30/2017,3.5775
1/31/2017,3.5975
2/1/2017,3.6825
2/2/2017,3.675
2/3/2017,3.6525
2/6/2017,3.6375
2/7/2017,3.685
2/8/2017,3.7075
2/9/2017,3.695
2/10/2017,3.745
2/13/2017,3.755
2/14/2017,3.7425
2/15/2017,3.7875
2/16/2017,3.735
2/17/2017,3.6825
2/21/2017,3.6925
2/22/2017,3.71
2/23/2017,3.669
2/24/2017,3.667
2/27/2017,3.6505
2/28/2017,3.7235
3/1/2017,3.82
3/2/2017,3.795
3/3/2017,3.8075
3/6/2017,3.785
3/7/2017,3.76
3/8/2017,3.7225
3/9/2017,3.67
3/10/2017,3.6425
3/13/2017,3.61
3/14/2017,3.6225
3/15/2017,3.635
3/16/2017,3.66
3/17/2017,3.675
3/20/2017,3.635
3/21/2017,3.6125
3/22/2017,3.5875
3/23/2017,3.5675
3/24/2017,3.5625
3/27/2017,3.5575
3/28/2017,3.5775
3/29/2017,3.585
3/30/2017,3.575
3/31/2017,3.6425
4/3/2017,3.6775
4/4/2017,3.63
4/5/2017,3.6475
4/6/2017,3.6075
4/7/2017,3.595
4/10/2017,3.67
4/11/2017,3.665
4/12/2017,3.69
4/13/2017,3.71
4/17/2017,3.665
4/18/2017,3.6175
4/19/2017,3.6175
4/20/2017,3.5775
4/21/2017,3.57
4/24/2017,3.5925
4/25/2017,3.6635
4/26/2017,3.621
4/27/2017,3.6635
4/28/2017,3.648
5/1/2017,3.775
5/2/2017,3.7225
5/3/2017,3.7475
5/4/2017,3.665
5/5/2017,3.7075
5/8/2017,3.66
5/9/2017,3.665
5/10/2017,3.7375
5/11/2017,3.6925
5/12/2017,3.71
5/15/2017,3.6775
5/16/2017,3.6775
5/17/2017,3.715
5/18/2017,3.66
5/19/2017,3.725
5/22/2017,3.75
5/23/2017,3.695
5/24/2017,3.7125
5/25/2017,3.6925
5/26/2017,3.7425
5/30/2017,3.67
5/31/2017,3.72
6/1/2017,3.705
6/2/2017,3.7275
6/5/2017,3.73
6/6/2017,3.7725
6/7/2017,3.8475
6/8/2017,3.8575
6/9/2017,3.8775
6/12/2017,3.7725
6/13/2017,3.81
6/14/2017,3.77
6/15/2017,3.795
6/16/2017,3.84
6/19/2017,3.7525
6/20/2017,3.7
6/21/2017,3.6875
6/22/2017,3.6275
6/23/2017,3.5775
6/26/2017,3.59
6/27/2017,3.6095
6/28/2017,3.6055
6/29/2017,3.656
6/30/2017,3.789
7/3/2017,3.885
7/5/2017,3.92
7/6/2017,3.905
7/7/2017,3.925
7/10/2017,4.02
7/11/2017,4.0175
7/12/2017,3.855
7/13/2017,3.6975
7/14/2017,3.7625
7/17/2017,3.75
7/18/2017,3.77
7/19/2017,3.825
7/20/2017,3.91
7/21/2017,3.7975
7/24/2017,3.7725
7/25/2017,3.6875
7/26/2017,3.7275
7/27/2017,3.7425
7/28/2017,3.7425
7/31/2017,3.7075
8/1/2017,3.625
8/2/2017,3.65
8/3/2017,3.635
8/4/2017,3.665
8/7/2017,3.7225
8/8/2017,3.6975
8/9/2017,3.7225
8/10/2017,3.5725
8/11/2017,3.6075
8/14/2017,3.6275
8/15/2017,3.5525
8/16/2017,3.525
8/17/2017,3.505
8/18/2017,3.52
8/21/2017,3.49
8/22/2017,3.46
8/23/2017,3.42
8/24/2017,3.42
8/25/2017,3.3875
8/28/2017,3.39
8/29/2017,3.396
8/30/2017,3.391
8/31/2017,3.5465
9/1/2017,3.5525
9/5/2017,3.585
9/6/2017,3.61
9/7/2017,3.5525
9/8/2017,3.5675
9/11/2017,3.575
9/12/2017,3.515
9/13/2017,3.515
9/14/2017,3.5425
9/15/2017,3.5475
9/18/2017,3.515
9/19/2017,3.4825
9/20/2017,3.5
9/21/2017,3.5025
9/22/2017,3.535
9/25/2017,3.5375
9/26/2017,3.5225
9/27/2017,3.54
9/28/2017,3.525
9/29/2017,3.5525
10/2/2017,3.515
10/3/2017,3.495
10/4/2017,3.4825
10/5/2017,3.495
10/6/2017,3.5
10/9/2017,3.495
10/10/2017,3.4925
10/11/2017,3.46
10/12/2017,3.49
10/13/2017,3.5275
10/16/2017,3.505
10/17/2017,3.5
10/18/2017,3.485
10/19/2017,3.49
10/20/2017,3.445
10/23/2017,3.5125
10/24/2017,3.5275
10/25/2017,3.51
10/26/2017,3.505
10/27/2017,3.4875
10/30/2017,3.4875
10/31/2017,3.4575
11/1/2017,3.4825
11/2/2017,3.505
11/3/2017,3.4825
11/6/2017,3.48
11/7/2017,3.4775
11/8/2017,3.4825
11/9/2017,3.415
11/10/2017,3.435
11/13/2017,3.4225
11/14/2017,3.375
11/15/2017,3.3825
11/16/2017,3.365
11/17/2017,3.43
11/20/2017,3.45
11/21/2017,3.45
11/22/2017,3.4525
11/24/2017,3.4225
11/27/2017,3.4135
11/28/2017,3.4165
11/29/2017,3.477
11/30/2017,3.5295
12/1/2017,3.5875
12/4/2017,3.535
12/5/2017,3.5375
12/6/2017,3.5275
12/7/2017,3.515
12/8/2017,3.5275
12/11/2017,3.49
12/12/2017,3.4775
12/13/2017,3.49
12/14/2017,3.485
12/15/2017,3.475
12/18/2017,3.47
12/19/2017,3.475
12/20/2017,3.4925
12/21/2017,3.5125
12/22/2017,3.52
12/26/2017,3.5275
12/27/2017,3.5375
12/28/2017,3.52
12/29/2017,3.5075
1/2/2018,3.5325
1/3/2018,3.53
1/4/2018,3.51
1/5/2018,3.5125
1/8/2018,3.4725
1/9/2018,3.49
1/10/2018,3.49
1/11/2018,3.4875
1/12/2018,3.4625
1/16/2018,3.4825
1/17/2018,3.53
1/18/2018,3.515
1/19/2018,3.525
1/22/2018,3.52
1/23/2018,3.5125
1/24/2018,3.565
1/25/2018,3.5525
1/26/2018,3.565
1/29/2018,3.5875
1/30/2018,3.615
1/31/2018,3.615
2/1/2018,3.6175
2/2/2018,3.615
2/5/2018,3.5875
2/6/2018,3.635
2/7/2018,3.6525
2/8/2018,3.6575
2/9/2018,3.62
2/12/2018,3.67
2/13/2018,3.6675
2/14/2018,3.6725
2/15/2018,3.6775
2/16/2018,3.675
2/20/2018,3.655
2/21/2018,3.6575
2/22/2018,3.6675
2/23/2018,3.679
2/26/2018,3.72
2/27/2018,3.7575
2/28/2018,3.805
3/1/2018,3.8625
3/2/2018,3.8525
3/5/2018,3.8725
3/6/2018,3.8825
3/7/2018,3.8725
3/8/2018,3.935
3/9/2018,3.905
3/12/2018,3.9075
3/13/2018,3.9175
3/14/2018,3.8875
3/15/2018,3.8675
3/16/2018,3.8275
3/19/2018,3.75
3/20/2018,3.745
3/21/2018,3.75
3/22/2018,3.76
3/23/2018,3.7725
3/26/2018,3.74
3/27/2018,3.74
3/28/2018,3.735
3/29/2018,3.8775
4/2/2018,3.8725
4/3/2018,3.885
4/4/2018,3.81
4/5/2018,3.895
4/6/2018,3.885
4/9/2018,3.9075
4/10/2018,3.8925
4/11/2018,3.87
4/12/2018,3.8875
4/13/2018,3.8625
4/16/2018,3.825
4/17/2018,3.8025
4/18/2018,3.83
4/19/2018,3.82
4/20/2018,3.765
4/23/2018,3.785
4/24/2018,3.8125
4/25/2018,3.8835
4/26/2018,3.897
4/27/2018,3.949
4/30/2018,3.991
5/1/2018,4.0575
5/2/2018,4.05
5/3/2018,4.08
5/4/2018,4.0625
5/7/2018,4.0075
5/8/2018,4.0325
5/9/2018,4.0275
5/10/2018,4.02
5/11/2018,3.965
5/14/2018,3.965
5/15/2018,4.0225
5/16/2018,3.9925
5/17/2018,3.9525
5/18/2018,4.025
5/21/2018,4.0275
5/22/2018,4.0475
5/23/2018,4.085
5/24/2018,4.0425
5/25/2018,4.06
5/29/2018,4
5/30/2018,3.935
5/31/2018,3.94
6/1/2018,3.915
6/4/2018,3.8075
6/5/2018,3.8375
6/6/2018,3.7825
6/7/2018,3.7625
6/8/2018,3.7775
6/11/2018,3.6725
6/12/2018,3.775
6/13/2018,3.76
6/14/2018,3.63
6/15/2018,3.6125
6/18/2018,3.56
6/19/2018,3.5375
6/20/2018,3.5425
6/21/2018,3.57
6/22/2018,3.5725
6/25/2018,3.505
6/26/2018,3.5425
6/27/2018,3.562
6/28/2018,3.5055
6/29/2018,3.5765
7/2/2018,3.47
7/3/2018,3.52
7/5/2018,3.5225
7/6/2018,3.6025
7/9/2018,3.54
7/10/2018,3.4775
7/11/2018,3.4
7/12/2018,3.4575
7/13/2018,3.4125
7/16/2018,3.4175
7/17/2018,3.4625
7/18/2018,3.4725
7/19/2018,3.5125
7/20/2018,3.5525
7/23/2018,3.5725
7/24/2018,3.52
7/25/2018,3.5925
7/26/2018,3.615
7/27/2018,3.62
7/30/2018,3.6725
7/31/2018,3.7225
8/1/2018,3.65
8/2/2018,3.6675
8/3/2018,3.6975
8/6/2018,3.71
8/7/2018,3.7075
8/8/2018,3.7125
8/9/2018,3.6925
8/10/2018,3.5775
8/13/2018,3.565
8/14/2018,3.6225
8/15/2018,3.615
8/16/2018,3.6525
8/17/2018,3.6425
8/20/2018,3.62
8/21/2018,3.5975
8/22/2018,3.525
8/23/2018,3.4675
8/24/2018,3.485
8/27/2018,3.4675
8/28/2018,3.4405
8/29/2018,3.4735
8/30/2018,3.503
8/31/2018,3.622
9/4/2018,3.6825
9/5/2018,3.6525
9/6/2018,3.6625
9/7/2018,3.67
9/10/2018,3.6725
9/11/2018,3.6675
9/12/2018,3.525
9/13/2018,3.505
9/14/2018,3.5175
9/17/2018,3.48
9/18/2018,3.4325
9/19/2018,3.4575
9/20/2018,3.525
9/21/2018,3.5725
9/24/2018,3.605
9/25/2018,3.6375
9/26/2018,3.63
9/27/2018,3.6475
9/28/2018,3.5625
10/1/2018,3.6575
10/2/2018,3.675
10/3/2018,3.6475
10/4/2018,3.675
10/5/2018,3.6825
10/8/2018,3.665
10/9/2018,3.645
10/10/2018,3.6275
10/11/2018,3.6925
10/12/2018,3.7375
10/15/2018,3.7825
10/16/2018,3.7525
10/17/2018,3.7425
10/18/2018,3.7075
10/19/2018,3.67
10/22/2018,3.695
10/23/2018,3.7025
10/24/2018,3.6825
10/25/2018,3.61
10/26/2018,3.6775
10/29/2018,3.6675
10/30/2018,3.6475
10/31/2018,3.6325
11/1/2018,3.6675
11/2/2018,3.7125
11/5/2018,3.74
11/6/2018,3.7325
11/7/2018,3.7225
11/8/2018,3.735
11/9/2018,3.6975
11/12/2018,3.7125
11/13/2018,3.665
11/14/2018,3.67
11/15/2018,3.675
11/16/2018,3.6475
11/19/2018,3.6225
11/20/2018,3.6125
11/21/2018,3.6175
11/23/2018,3.59
11/26/2018,3.56
11/27/2018,3.589
11/28/2018,3.656
11/29/2018,3.6805
11/30/2018,3.755
12/3/2018,3.82
12/4/2018,3.8475
12/5/2018,3.8425
12/6/2018,3.8275
12/7/2018,3.855
12/10/2018,3.84
12/11/2018,3.8475
12/12/2018,3.8525
12/13/2018,3.8425
12/14/2018,3.8475
12/17/2018,3.84
12/18/2018,3.855
12/19/2018,3.8175
12/20/2018,3.7525
12/21/2018,3.785
12/24/2018,3.7775
12/26/2018,3.7325
12/27/2018,3.745
12/28/2018,3.755
12/31/2018,3.75
1/2/2019,3.7575
1/3/2019,3.7975
1/4/2019,3.83
1/7/2019,3.8225
1/8/2019,3.8
1/9/2019,3.82
1/10/2019,3.7625
1/11/2019,3.7825
1/14/2019,3.785
1/15/2019,3.7125
1/16/2019,3.74
1/17/2019,3.8
1/18/2019,3.8175
1/22/2019,3.79
1/23/2019,3.7875
1/24/2019,3.77
1/25/2019,3.8025
1/28/2019,3.7975
1/29/2019,3.7725
1/30/2019,3.8125
1/31/2019,3.765
2/1/2019,3.7825
2/4/2019,3.7925
2/5/2019,3.8075
2/6/2019,3.8
2/7/2019,3.765
2/8/2019,3.7425
2/11/2019,3.7275
2/12/2019,3.7825
2/13/2019,3.7875
2/14/2019,3.7475
2/15/2019,3.7475
2/19/2019,3.6975
2/20/2019,3.7075
2/21/2019,3.755
2/22/2019,3.7525
2/25/2019,3.724
2/26/2019,3.7015
2/27/2019,3.6975
2/28/2019,3.69
3/1/2019,3.73
3/4/2019,3.7475
3/5/2019,3.7575
3/6/2019,3.725
3/7/2019,3.6525
3/8/2019,3.6425
3/11/2019,3.62
3/12/2019,3.6575
3/13/2019,3.665
3/14/2019,3.7025
3/15/2019,3.7325
3/18/2019,3.715
3/19/2019,3.7125
3/20/2019,3.715
3/21/2019,3.7625
3/22/2019,3.7825
3/25/2019,3.7975
3/26/2019,3.7725
3/27/2019,3.7375
3/28/2019,3.74
3/29/2019,3.565
4/1/2019,3.6175
4/2/2019,3.615
4/3/2019,3.6275
4/4/2019,3.6525
4/5/2019,3.625
4/8/2019,3.6
4/9/2019,3.6
4/10/2019,3.6175
4/11/2019,3.6
4/12/2019,3.61
4/15/2019,3.6275
4/16/2019,3.59
4/17/2019,3.5825
4/18/2019,3.585
4/22/2019,3.5475
4/23/2019,3.5125
4/24/2019,3.4675
4/25/2019,3.4945
4/26/2019,3.5525
4/29/2019,3.5785
4/30/2019,3.6065
5/1/2019,3.685
5/2/2019,3.705
5/3/2019,3.7075
5/6/2019,3.6425
5/7/2019,3.665
5/8/2019,3.6425
5/9/2019,3.5325
5/10/2019,3.5175
5/13/2019,3.565
5/14/2019,3.6875
5/15/2019,3.695
5/16/2019,3.79
5/17/2019,3.8325
5/20/2019,3.89
5/21/2019,3.9425
5/22/2019,3.945
5/23/2019,3.8975
5/24/2019,4.0425
5/28/2019,4.2025
5/29/2019,4.1875
5/30/2019,4.3625
5/31/2019,4.27
6/3/2019,4.2425
6/4/2019,4.2525
6/5/2019,4.1475
6/6/2019,4.205
6/7/2019,4.1575
6/10/2019,4.1575
6/11/2019,4.2775
6/12/2019,4.3
6/13/2019,4.42
6/14/2019,4.53
6/17/2019,4.5475
6/18/2019,4.4975
6/19/2019,4.41
6/20/2019,4.5
6/21/2019,4.4225
6/24/2019,4.4675
6/25/2019,4.486
6/26/2019,4.4575
6/27/2019,4.4345
6/28/2019,4.2385
7/1/2019,4.155
7/2/2019,4.19
7/3/2019,4.3675
7/5/2019,4.3875
7/8/2019,4.395
7/9/2019,4.325
7/10/2019,4.35
7/11/2019,4.4425
7/12/2019,4.5425
7/15/2019,4.41
7/16/2019,4.3525
7/17/2019,4.36
7/18/2019,4.245
7/19/2019,4.3075
7/22/2019,4.2225
7/23/2019,4.255
7/24/2019,4.24
7/25/2019,4.185
7/26/2019,4.145
7/29/2019,4.17
7/30/2019,4.1125
7/31/2019,4.0025
8/1/2019,3.9275
8/2/2019,3.995
8/5/2019,4.0525
8/6/2019,4.04
8/7/2019,4.065
8/8/2019,4.11
8/9/2019,4.1025
8/12/2019,3.8525
8/13/2019,3.66
8/14/2019,3.59
8/15/2019,3.6075
8/16/2019,3.71
8/19/2019,3.65
8/20/2019,3.595
8/21/2019,3.625
8/22/2019,3.6325
8/23/2019,3.5975
8/26/2019,3.585
8/27/2019,3.5885
8/28/2019,3.6605
8/29/2019,3.6665
8/30/2019,3.674
9/3/2019,3.61
9/4/2019,3.585
9/5/2019,3.5875
9/6/2019,3.555
9/9/2019,3.5425
9/10/2019,3.615
9/11/2019,3.6
9/12/2019,3.6725
9/13/2019,3.6875
9/16/2019,3.74
9/17/2019,3.68
9/18/2019,3.7125
9/19/2019,3.7275
9/20/2019,3.7075
9/23/2019,3.7325
9/24/2019,3.7475
9/25/2019,3.7425
9/26/2019,3.725
9/27/2019,3.715
9/30/2019,3.88
10/1/2019,3.925
10/2/2019,3.8775
10/3/2019,3.8875
10/4/2019,3.8475
10/7/2019,3.87
10/8/2019,3.9575
10/9/2019,3.9425
10/10/2019,3.8025
10/11/2019,3.9775
10/14/2019,3.9775
10/15/2019,3.9325
10/16/2019,3.9175
10/17/2019,3.9475
10/18/2019,3.91
10/21/2019,3.8725
10/22/2019,3.88
10/23/2019,3.8775
10/24/2019,3.8675
10/25/2019,3.8675
10/28/2019,3.84
10/29/2019,3.8625
10/30/2019,3.9075
10/31/2019,3.9
11/1/2019,3.8925
11/4/2019,3.8325
11/5/2019,3.8175
11/6/2019,3.7875
11/7/2019,3.7525
11/8/2019,3.7725
11/11/2019,3.7325
11/12/2019,3.7775
11/13/2019,3.7525
11/14/2019,3.7575
11/15/2019,3.7125
11/18/2019,3.6775
11/19/2019,3.7
11/20/2019,3.6675
11/21/2019,3.685
11/22/2019,3.6875
11/25/2019,3.7255
11/26/2019,3.718
11/27/2019,3.6905
11/29/2019,3.7925
12/2/2019,3.82
12/3/2019,3.8125
12/4/2019,3.785
12/5/2019,3.7675
12/6/2019,3.7675
12/9/2019,3.7575
12/10/2019,3.77
12/11/2019,3.7125
12/12/2019,3.7775
12/13/2019,3.81
12/16/2019,3.88
12/17/2019,3.9
12/18/2019,3.87
12/19/2019,3.865
12/20/2019,3.8775
12/23/2019,3.8875
12/24/2019,3.875
12/26/2019,3.885
12/27/2019,3.9
12/30/2019,3.8825
12/31/2019,3.8775
1/2/2020,3.915
1/3/2020,3.865
1/6/2020,3.8475
1/7/2020,3.845
1/8/2020,3.8425
1/9/2020,3.8325
1/10/2020,3.8575
1/13/2020,3.895
1/14/2020,3.89
1/15/2020,3.875
1/16/2020,3.755
1/17/2020,3.8925
1/21/2020,3.875
1/22/2020,3.8875
1/23/2020,3.9375
1/24/2020,3.8725
1/27/2020,3.805
1/28/2020,3.865
1/29/2020,3.8425
1/30/2020,3.795
1/31/2020,3.8125
2/3/2020,3.7875
2/4/2020,3.8225
2/5/2020,3.8075
2/6/2020,3.7925
2/7/2020,3.835
2/10/2020,3.8175
2/11/2020,3.7975
2/12/2020,3.83
2/13/2020,3.795
2/14/2020,3.7775
2/18/2020,3.83
2/19/2020,3.805
2/20/2020,3.785
2/21/2020,3.77
2/24/2020,3.7225
2/25/2020,3.733
2/26/2020,3.721
2/27/2020,3.666
2/28/2020,3.679
3/2/2020,3.755
3/3/2020,3.8125
3/4/2020,3.85
3/5/2020,3.8175
3/6/2020,3.76
3/9/2020,3.7275
3/10/2020,3.775
3/11/2020,3.745
3/12/2020,3.6575
3/13/2020,3.6575
3/16/2020,3.5475
3/17/2020,3.44
3/18/2020,3.3525
3/19/2020,3.455
3/20/2020,3.4375
3/23/2020,3.435
3/24/2020,3.4725
3/25/2020,3.485
3/26/2020,3.4875
3/27/2020,3.46
3/30/2020,3.4125
3/31/2020,3.4075
4/1/2020,3.3475
4/2/2020,3.335
4/3/2020,3.3075
4/6/2020,3.2775
4/7/2020,3.315
4/8/2020,3.3
4/9/2020,3.3175
4/13/2020,3.315
4/14/2020,3.26
4/15/2020,3.1925
4/16/2020,3.1975
4/17/2020,3.2225
4/20/2020,3.1425
4/21/2020,3.0925
4/22/2020,3.175
4/23/2020,3.1925
4/24/2020,3.1575
4/27/2020,3.0705
4/28/2020,3.0645
4/29/2020,3.105
4/30/2020,3.183
5/1/2020,3.185
5/4/2020,3.155
5/5/2020,3.17
5/6/2020,3.1425
5/7/2020,3.18
5/8/2020,3.1925
5/11/2020,3.185
5/12/2020,3.2225
5/13/2020,3.1825
5/14/2020,3.175
5/15/2020,3.1925
5/18/2020,3.2075
5/19/2020,3.2125
5/20/2020,3.195
5/21/2020,3.1775
5/22/2020,3.18
5/26/2020,3.19
5/27/2020,3.205
5/28/2020,3.275
5/29/2020,3.2575
6/1/2020,3.2325
6/2/2020,3.2425
6/3/2020,3.24
6/4/2020,3.29
6/5/2020,3.3125
6/8/2020,3.3375
6/9/2020,3.275
6/10/2020,3.2625
6/11/2020,3.2975
6/12/2020,3.3
6/15/2020,3.2925
6/16/2020,3.29
6/17/2020,3.3025
6/18/2020,3.31
6/19/2020,3.325
6/22/2020,3.2825
6/23/2020,3.25
6/24/2020,3.2425
6/25/2020,3.179
6/26/2020,3.179
6/29/2020,3.2775
6/30/2020,3.409
7/1/2020,3.505
7/2/2020,3.435
7/6/2020,3.465
7/7/2020,3.435
7/8/2020,3.4625
7/9/2020,3.4875
7/10/2020,3.3725
7/13/2020,3.2875
7/14/2020,3.26
7/15/2020,3.2625
7/16/2020,3.3025
7/17/2020,3.33
7/20/2020,3.2825
7/21/2020,3.2275
7/22/2020,3.275
7/23/2020,3.28
7/24/2020,3.2625
7/27/2020,3.25
7/28/2020,3.2
7/29/2020,3.155
7/30/2020,3.1575
7/31/2020,3.16
8/3/2020,3.175
8/4/2020,3.0825
8/5/2020,3.11
8/6/2020,3.1125
8/7/2020,3.0775
8/10/2020,3.105
8/11/2020,3.115
8/12/2020,3.145
8/13/2020,3.2525
8/14/2020,3.245
8/17/2020,3.31
8/18/2020,3.27
8/19/2020,3.25
8/20/2020,3.245
8/21/2020,3.27
8/24/2020,3.3175
8/25/2020,3.4075
8/26/2020,3.4325
8/27/2020,3.4995
8/28/2020,3.5395
8/31/2020,3.559
9/1/2020,3.58
9/2/2020,3.5875
9/3/2020,3.5375
9/4/2020,3.58
9/8/2020,3.6175
9/9/2020,3.6025
9/10/2020,3.65
9/11/2020,3.685
9/14/2020,3.695
9/15/2020,3.66
9/16/2020,3.7175
9/17/2020,3.7525
9/18/2020,3.785
9/21/2020,3.6975
9/22/2020,3.6925
9/23/2020,3.685
9/24/2020,3.635
9/25/2020,3.6525
9/28/2020,3.6675
9/29/2020,3.6475
9/30/2020,3.79
10/1/2020,3.8275
10/2/2020,3.7975
10/5/2020,3.795
10/6/2020,3.85
10/7/2020,3.8875
10/8/2020,3.87
10/9/2020,3.95
10/12/2020,3.89
10/13/2020,3.9125
10/14/2020,3.965
10/15/2020,4.0375
10/16/2020,4.02
10/19/2020,4.0525
10/20/2020,4.0875
10/21/2020,4.1375
10/22/2020,4.1625
10/23/2020,4.1925
10/26/2020,4.1775
10/27/2020,4.16
10/28/2020,4.015
10/29/2020,3.985
10/30/2020,3.985
11/2/2020,3.975
11/3/2020,4.01
11/4/2020,4.0525
11/5/2020,4.0925
11/6/2020,4.0675
11/9/2020,4.075
11/10/2020,4.23
11/11/2020,4.1725
11/12/2020,4.0825
11/13/2020,4.105
11/16/2020,4.1625
11/17/2020,4.2025
11/18/2020,4.2575
11/19/2020,4.225
11/20/2020,4.2325
11/23/2020,4.265
11/24/2020,4.271
11/25/2020,4.23
11/27/2020,4.3045
11/30/2020,4.2475
12/1/2020,4.2075
12/2/2020,4.2375
12/3/2020,4.265
12/4/2020,
12/5/2020,
12/6/2020,
12/7/2020,
12/8/2020,
12/9/2020,
12/10/2020,
12/11/2020,
12/12/2020,
12/13/2020,
12/14/2020,
12/15/2020,
12/16/2020,
12/17/2020,
12/18/2020,
12/19/2020,
12/20/2020,
12/21/2020,
12/22/2020,
12/23/2020,
12/24/2020,
